ICAO,CIAD,NOME,MUNICÍPIO ATENDIDO,UF,LATITUDE,LONGITUDE,ALTITUDE,OPERAÇÃO,DESIGNAÇÃO,COMPRIMENTO,LARGURA,RESISTÊNCIA,SUPERFÍCIE,,,,,,,,,,,,,,,,,,,,,,,,
SBAA,PA0008,CONCEIÇÃO DO ARAGUAIA,CONCEIÇÃO DO ARAGUAIA,PA,8° 20' 55'' S,49° 18' 11'' W,199,VFR Diurno/Noturno e IFR Diurno, 08/26,1800,30,PCN 47/F/C/X/U,Asfalto,,,,,,,,,,,,,,,,,,,,,,,,
SBAE,SP0010,BAURU/AREALVA,BAURU E AREALVA,SP,22° 9' 28'' S,49° 4' 6'' W,594,VFR Diurno/Noturno e IFR Diurno/Noturno, 17/35,2010,45,PCN 42/F/A/X/T,Asfalto,,,,,,,,,,,,,,,,,,,,,,,,
SBAQ,SP0012,BARTOLOMEU DE GUSMÃO,ARARAQUARA,SP,21° 48' 16'' S,48° 8' 25'' W,711,VFR Diurno/Noturno e IFR Diurno/Noturno, 17/35,1800,30,PCN 40/F/A/X/T,Asfalto,,,,,,,,,,,,,,,,,,,,,,,,
SBAR,SE0001,SANTA MARIA,ARACAJU,SE,10° 59' 7'' S,37° 4' 24'' W,7,VFR Diurno/Noturno e IFR Diurno/Noturno, 11/29,2200,45,PCN 48/F/B/X/T,Asfalto,,,,,,,,,,,,,,,,,,,,,,,,
SBAT,MT0003,PILOTO OSVALDO MARQUES DIAS,ALTA FLORESTA,MT,9° 51' 59'' S,56° 6' 18'' W,289,VFR Diurno/Noturno e IFR Diurno/Noturno, 04/22,2500,30,PCN 29/F/C/X/U,Asfalto,,,,,,,,,,,,,,,,,,,,,,,,
SBAU,SP0009,ESTADUAL DARIO GUARITA,ARAÇATUBA,SP,21° 8' 39'' S,50° 25' 35'' W,415,VFR Diurno/Noturno e IFR Diurno/Noturno, 05/23,2120,35,PCN 26/F/A/X/T,Asfalto,,,,,,,,,,,,,,,,,,,,,,,,
SBAX,MG0008,ROMEU ZEMA,ARAXÁ,MG,19° 33' 38'' S,46° 57' 56'' W,999,VFR Diurno/Noturno e IFR Diurno/Noturno, 15/33,1900,30,PCN 26/F/B/X/T,Asfalto,,,,,,,,,,,,,,,,,,,,,,,,
SBBE,PA0001,INTERNACIONAL DE BELÉM/VAL DE CANS/JÚLIO CEZAR RIBEIRO,BELÉM,PA,1° 23' 5'' S,48° 28' 44'' W,17,VFR Diurno/Noturno e IFR Diurno/Noturno, 06/24,2800,45,PCN 65/F/A/X/T,Asfalto,,,,,,,,,,,,,,,,,,,,,,,,-
SBBG,RS0010,COMANDANTE GUSTAVO KRAEMER,BAGÉ,RS,31° 23' 27'' S,54° 6' 35'' W,186,VFR Diurno/Noturno e IFR Diurno/Noturno, 06/24,1500,30,PCN 18/R/A/Y/T,Concreto,,,,,,,,,,,,,,,,,,,,,,,,
SBBH,MG0003,PAMPULHA - CARLOS DRUMMOND DE ANDRADE,BELO HORIZONTE,MG,19° 51' 7'' S,43° 57' 2'' W,789,VFR Diurno/Noturno e IFR Diurno/Noturno, 13/31,2364,45,PCN 44/F/B/X/T,Asfalto,,,,,,,,,,,,,,,,,,,,,,,,
SBBI,PR0006,BACACHERI,CURITIBA,PR,25° 24' 12'' S,49° 14' 1'' W,932,VFR Diurno/Noturno e IFR Diurno/Noturno, 18/36,1390,31,PCN 21/F/B/X/T,Asfalto,,,,,,,,,,,,,,,,,,,,,,,,
SBBP,SP0036,ESTADUAL ARTHUR SIQUEIRA,BRAGANÇA PAULISTA,SP,22° 58' 45'' S,46° 32' 15'' W,893,VFR Diurno/Noturno, 16/34,1200,30,PCN 16/F/B/X/T,Asfalto,,,,,,,,,,,,,,,,,,,,,,,,
SBBR,DF0001,PRESIDENTE JUSCELINO KUBITSCHEK,BRASÍLIA,DF,15° 52' 16'' S,47° 55' 7'' W,1066,VFR Diurno/Noturno e IFR Diurno/Noturno, 11L/29R,3200,45,PCN 76/F/B/X/T,Asfalto,,,,,,,,,,,,,,,,,,,,,,,,
SBBU,SP0017,BAURU,BAURU,SP,22° 20' 37'' S,49° 3' 14'' W,617,VFR Diurno/Noturno e IFR Diurno/Noturno, 14/32,1501,35,PCN 13/F/A/X/T,Asfalto,,,,,,,,,,,,,,,,,,,,,,,,
SBBV,RR0001,ATLAS BRASIL CANTANHEDE,BOA VISTA,RR,2° 50' 29'' N,60° 41' 32'' W,84,VFR Diurno/Noturno e IFR Diurno/Noturno, 08/26,2700,45,PCN 38/F/A/X/T,Asfalto,,,,,,,,,,,,,,,,,,,,,,,,
SBBW,MT0008,BARRA DO GARÇAS,BARRA DO GARÇAS,MT,15° 51' 39'' S,52° 23' 22'' W,350,VFR Diurno/Noturno e IFR Diurno/Noturno, 07/25,1598,30,PCN 20/F/C/Y/T,Asfalto,,,,,,,,,,,,,,,,,,,,,,,,
SBCA,PR0005,CORONEL ADALBERTO MENDES DA SILVA,CASCAVEL,PR,25° 0' 8'' S,53° 30' 7'' W,754,VFR Diurno/Noturno e IFR Diurno/Noturno, 15/33,1615,30,PCN 36/F/A/X/T,Asfalto,,,,,,,,,,,,,,,,,,,,,,,,
SBCB,RJ0003,CABO FRIO,CABO FRIO,RJ,22° 55' 15'' S,42° 4' 17'' W,7,VFR Diurno/Noturno e IFR Diurno/Noturno, 10/28,2550,45,PCN 76/F/C/X/T,Asfalto,,,,,,,,,,,,,,,,,,,,,,,,
SBCD,SC0006,CARLOS ALBERTO DA COSTA NEVES,CAÇADOR,SC,26° 47' 23'' S,50° 56' 23'' W,1029,VFR Diurno/Noturno e IFR Diurno/Noturno, 02/20,1625,30,PCN 25/F/A/X/T,Asfalto,,,,,,,,,,,,,,,,,,,,,,,,
SBCF,MG0001,TANCREDO NEVES,CONFINS,MG,19° 37' 28'' S,43° 58' 19'' W,827,VFR Diurno/Noturno e IFR Diurno/Noturno, 16/34,3000,45,PCN 83/F/B/W/T,Asfalto,,,,,,,,,,,,,,,,,,,,,,,,
SBCG,MS0001,CAMPO GRANDE,CAMPO GRANDE,MS,20° 28' 10'' S,54° 40' 13'' W,559,VFR Diurno/Noturno e IFR Diurno/Noturno, 06/24,2600,45,PCN 48/F/B/X/T,Asfalto,,,,,,,,,,,,,,,,,,,,,,,,
SBCH,SC0003,SERAFIN ENOSS BERTASO,CHAPECÓ,SC,27° 8' 2'' S,52° 39' 43'' W,654,VFR Diurno/Noturno e IFR Diurno/Noturno, 11/29,2063,45,PCN 45/F/B/X/T,Asfalto,,,,,,,,,,,,,,,,,,,,,,,,
SBCI,MA0003,BRIGADEIRO LYSIAS AUGUSTO RODRIGUES,CAROLINA,MA,7° 19' 14'' S,47° 27' 31'' W,172,VFR Diurno/Noturno e IFR Diurno/Noturno, 11/29,1800,45,PCN 18/F/C/Y/U,Asfalto,,,,,,,,,,,,,,,,,,,,,,,,
SBCJ,PA0006,CARAJÁS,PARAUAPEBAS,PA,6° 6' 55'' S,50° 0' 5'' W,629,VFR Diurno/Noturno e IFR Diurno/Noturno, 10/28,2000,45,PCN 41/F/B/X/T,Asfalto,,,,,,,,,,,,,,,,,,,,,,,,
SSIM,SC0009,FORQUILHINHA/CRICIÚMA (SBCM*),FORQUILHINHA,SC,28° 43' 28'' S,49° 25' 17'' W,28,VFR Diurno/Noturno e IFR Diurno/Noturno, 09/27,1491,30,PCN 22/F/C/X/U,Asfalto,,,,,,,,,,,,,,,,,,,,,,,,
SBCN,GO0003,NELSON RODRIGUES GUIMARÃES,CALDAS NOVAS,GO,17° 43' 29'' S,48° 36' 36'' W,685,VFR Diurno/Noturno e IFR Diurno/Noturno, 09/27,2100,30,PCN 35/F/A/X/T,Asfalto,,,,,,,,,,,,,,,,,,,,,,,,
SBCP,RJ0006,BARTOLOMEU LISANDRO,CAMPOS DOS GOYTACAZES,RJ,21° 42' 4'' S,41° 18' 28'' W,17,VFR Diurno/Noturno e IFR Diurno/Noturno, 07/25,1544,45,PCN 29/F/A/X/T,Asfalto,,,,,,,,,,,,,,,,,,,,,,,,
SBCR,MS0009,CORUMBÁ,CORUMBÁ,MS,19° 0' 43'' S,57° 40' 17'' W,141,VFR Diurno/Noturno e IFR Diurno/Noturno, 09/27,1500,45,PCN 71/F/C/X/T,Asfalto,,,,,,,,,,,,,,,,,,,,,,,,
SBCT,PR0001,AFONSO PENA,CURITIBA,PR,25° 31' 54'' S,49° 10' 34'' W,911,VFR Diurno/Noturno e IFR Diurno/Noturno, 15/33,2218,45,PCN 42/F/A/X/T,Asfalto,,,,,,,,,,,,,,,,,,,,,,,,
SSCV,BA0012,CARAVELAS,CARAVELAS,BA,17° 39' 2'' S,39° 15' 16'' W,11,VFR Diurno, 06/24,1530,45,PCN 32/F/C/X/U,Asfalto,,,,,,,,,,,,,,,,,,,,,,,,
SBCX,RS0007,HUGO CANTERGIANI,CAXIAS DO SUL,RS,29° 11' 44'' S,51° 11' 23'' W,754,VFR Diurno/Noturno e IFR Diurno/Noturno, 15/33,1670,30,PCN 45/F/A/X/T,Asfalto,,,,,,,,,,,,,,,,,,,,,,,,
SBCY,MT0001,MARECHAL RONDON,VÁRZEA GRANDE,MT,15° 39' 0'' S,56° 7' 3'' W,188,VFR Diurno/Noturno e IFR Diurno/Noturno, 17/35,2300,45,PCN 46/F/B/X/U,Asfalto,,,,,,,,,,,,,,,,,,,,,,,,
SSCL,MS0018,CASSILÂNDIA,CASSILÂNDIA,MS,19° 8' 49'' S,51° 40' 35'' W,481,VFR Diurno, 13/31,1081,18,PCN 10/F/B/Y/T,Asfalto,,,,,,,,,,,,,,,,,,,,,,,,
SBDB,MS0004,BONITO,BONITO,MS,21° 14' 50'' S,56° 27' 9'' W,334,VFR Diurno/Noturno, 18/36,2000,30,PCN 48/F/A/X/T,Asfalto,,,,,,,,,,,,,,,,,,,,,,,,
SBDN,SP0005,PRESIDENTE PRUDENTE,PRESIDENTE PRUDENTE,SP,22° 10' 42'' S,51° 25' 8'' W,452,VFR Diurno/Noturno e IFR Diurno/Noturno, 12/30,2100,35,PCN 38/F/A/X/T,Asfalto,,,,,,,,,,,,,,,,,,,,,,,,
SBDO,MS0008,DOURADOS,DOURADOS,MS,22° 12' 2'' S,54° 55' 32'' W,458,VFR Diurno/Noturno e IFR Diurno/Noturno, 06/24,1950,30,PCN 28/F/B/X/T,Asfalto,,,,,,,,,,,,,,,,,,,,,,,,
SBEG,AM0001,EDUARDO GOMES,MANAUS,AM,3° 2' 28'' S,60° 3' 2'' W,80,VFR Diurno/Noturno e IFR Diurno/Noturno, 11/29,2700,45,PCN 71/F/C/X/T,Asfalto,,,,,,,,,,,,,,,,,,,,,,,,
SBEK,PA0011,JACAREACANGA,JACAREACANGA,PA,6° 14' 7'' S,57° 46' 33'' W,99,VFR Diurno e IFR Diurno, 08/26,1600,30,PCN 36/F/B/Y/U,Asfalto,,,,,,,,,,,,,,,,,,,,,,,,
SBFI,PR0002,CATARATAS,FOZ DO IGUAÇU,PR,25° 36' 1'' S,54° 29' 6'' W,240,VFR Diurno/Noturno e IFR Diurno/Noturno, 15/33,2195,45,PCN 51/F/B/X/T,Asfalto,,,,,,,,,,,,,,,,,,,,,,,,
SBFL,SC0001,HERCÍLIO LUZ,FLORIANÓPOLIS,SC,27° 40' 13'' S,48° 33' 9'' W,5,VFR Diurno/Noturno e IFR Diurno/Noturno, 14/32,2400,45,PCN 78/F/A/X/T,Asfalto,,,,,,,,,,,,,,,,,,,,,,,,
SBFN,PE0003,FERNANDO DE NORONHA,FERNANDO DE NORONHA,PE,3° 51' 17'' S,32° 25' 42'' W,58,VFR Diurno/Noturno e IFR Diurno/Noturno, 12/30,1845,45,PCN 30/F/C/X/U,Asfalto,,,,,,,,,,,,,,,,,,,,,,,,
SBFZ,CE0001,PINTO MARTINS,FORTALEZA,CE,3° 46' 33'' S,38° 31' 56'' W,25,VFR Diurno/Noturno e IFR Diurno/Noturno, 13/31,2545,45,PCN 66/F/A/X/T,Asfalto,,,,,,,,,,,,,,,,,,,,,,,,
SBGL,RJ0001,AEROPORTO INTERNACIONAL DO RIO DE JANEIRO/GALEÃO – ANTONIO CARLOS JOBIM,RIO DE JANEIRO,RJ,22° 48' 36'' S,43° 15' 2'' W,9,VFR Diurno/Noturno e IFR Diurno/Noturno, 10/28,4000,45,PCN 78/R/A/W/T,Concreto,,,,,,,,,,,,,,,,,,,,,,,,
SBGM,RO0006,GUAJARÁ-MIRIM,GUAJARÁ-MIRIM,RO,10° 47' 18'' S,65° 16' 54'' W,146,VFR Diurno/Noturno, 17/35,1795,45,PCN 30/F/C/X/U,Asfalto,,,,,,,,,,,,,,,,,,,,,,,,
SBGO,GO0001,SANTA GENOVEVA/GOIÂNIA,GOIÂNIA,GO,16° 37' 57'' S,49° 13' 16'' W,747,VFR Diurno/Noturno e IFR Diurno/Noturno, 14/32,2286,45,PCN 67/F/B/X/T,Asfalto,,,,,,,,,,,,,,,,,,,,,,,,
SBGR,SP0002,GUARULHOS - GOVERNADOR ANDRÉ FRANCO MONTORO,GUARULHOS,SP,23° 26' 8'' S,46° 28' 23'' W,750,VFR Diurno/Noturno e IFR Diurno/Noturno, 9L/27R,3700,45,PCN 77/F/B/W/T,Asfalto,,,,,,,,,,,,,,,,,,,,,,,,
SSGG,PR0009,TANCREDO THOMAS DE FARIA,GUARAPUAVA,PR,25° 23' 18'' S,51° 31' 25'' W,1065,VFR Diurno/Noturno e IFR Diurno/Noturno, 08/26,1365,30,PCN 23/F/C/X/T,Asfalto,,,,,,,,,,,,,,,,,,,,,,,,
SBGV,MG0032,CORONEL ALTINO MACHADO,GOVERNADOR VALADARES,MG,18° 53' 49'' S,41° 59' 10'' W,171,VFR Diurno/Noturno e IFR Diurno/Noturno, 07/25,1701,30,PCN 31/F/B/X/T,Asfalto,,,,,,,,,,,,,,,,,,,,,,,,
SBGW,SP0076,GUARATINGUETÁ,GUARATINGUETÁ,SP,22° 47' 30'' S,45° 12' 16'' W,537,VFR Diurno/Noturno e IFR Diurno/Noturno, 02/20,1551,30,PCN 15/F/C/Y/U,Asfalto,,,,,,,,,,,,,,,,,,,,,,,,
SBHT,PA0003,ALTAMIRA,ALTAMIRA,PA,3° 15' 3'' S,52° 15' 8'' W,112,VFR Diurno/Noturno e IFR Diurno/Noturno, 07/25,2003,30,PCN 36/F/A/X/T,Asfalto,,,,,,,,,,,,,,,,,,,,,,,,
SBIC,AM0012,ITACOATIARA,ITACOATIARA,AM,3° 7' 35'' S,58° 28' 54'' W,43,VFR Diurno e IFR Diurno, 14/32,1515,30,PCN 8/F/C/Y/U,Asfalto,,,,,,,,,,,,,,,,,,,,,,,,
SBIH,PA0010,ITAITUBA,ITAITUBA,PA,4° 14' 32'' S,56° 0' 3'' W,33,VFR Diurno/Noturno e IFR Diurno/Noturno, 05/23,1605,30,PCN 26/F/B/X/T,Asfalto,,,,,,,,,,,,,,,,,,,,,,,,
SBIL,BA0004,BAHIA - JORGE AMADO,ILHÉUS,BA,14° 48' 54'' S,39° 2' 0'' W,4,VFR Diurno/Noturno e IFR Diurno/Noturno, 11/29,1577,45,PCN 35/F/B/X/T,Asfalto,,,,,,,,,,,,,,,,,,,,,,,,
SBIP,MG0007,USIMINAS,SANTANA DO PARAÍSO,MG,19° 28' 14'' S,42° 29' 17'' W,239,VFR Diurno e IFR Diurno/Noturno, 05/23,2005,45,PCN 33/F/B/X/T,Asfalto,,,,,,,,,,,,,,,,,,,,,,,,
SBIZ,MA0002,PREFEITO RENATO MOREIRA,IMPERATRIZ,MA,5° 31' 50'' S,47° 27' 30'' W,131,VFR Diurno/Noturno e IFR Diurno/Noturno, 07/25,1798,45,PCN 50/F/A/X/T,Asfalto,,,,,,,,,,,,,,,,,,,,,,,,
SBJC,PA0005,BELÉM/BRIGADEIRO PROTÁSIO DE OLIVEIRA,BELÉM,PA,1° 24' 54'' S,48° 27' 32'' W,16,VFR Diurno, 16/34,1106,30,PCN 34/F/C/X/U,Asfalto,,,,,,,,,,,,,,,,,,,,,,,,
SBJD,SP0031,COMANDANTE ROLIM ADOLFO AMARO,JUNDIAÍ,SP,23° 10' 54'' S,46° 56' 37'' W,757,VFR Diurno/Noturno, 18/36,1400,30,PCN 21/F/A/X/T,Asfalto,,,,,,,,,,,,,,,,,,,,,,,,
SBJF,MG0016,FRANCISCO DE ASSIS,JUIZ DE FORA,MG,21° 47' 35'' S,43° 23' 8'' W,911,VFR Diurno/Noturno e IFR Diurno/Noturno, 02/20,1535,30,PCN 8/F/A/Y/U,Asfalto,,,,,,,,,,,,,,,,,,,,,,,,
SBJI,RO0005,JI-PARANÁ,JI-PARANÁ,RO,10° 52' 14'' S,61° 50' 48'' W,182,VFR Diurno/Noturno, 03/21,1800,45,PCN 30/F/C/X/U,Asfalto,,,,,,,,,,,,,,,,,,,,,,,,
SBJP,PB0001,PRESIDENTE CASTRO PINTO,JOÃO PESSOA,PB,7° 8' 54'' S,34° 57' 1'' W,66,VFR Diurno/Noturno e IFR Diurno/Noturno, 16/34,2515,45,PCN 52/F/B/X/T,Asfalto,,,,,,,,,,,,,,,,,,,,,,,,
SBJR,RJ0005,JACAREPAGUÁ/RJ - Roberto Marinho,RIO DE JANEIRO,RJ,22° 59' 15'' S,43° 22' 12'' W,3,VFR Diurno/Noturno, 03/21,900,30,PCN 10/F/C/Y/U,Asfalto,,,,,,,,,,,,,,,,,,,,,,,,
SBJU,CE0002,ORLANDO BEZERRA DE MENEZES,JUAZEIRO DO NORTE,CE,7° 13' 9'' S,39° 16' 10'' W,409,VFR Diurno/Noturno e IFR Diurno/Noturno, 13/31,1940,45,PCN 45/F/A/X/T,Asfalto,,,,,,,,,,,,,,,,,,,,,,,,
SBJV,SC0004,LAURO CARNEIRO DE LOYOLA,JOINVILLE,SC,26° 13' 23'' S,48° 47' 52'' W,5,VFR Diurno/Noturno e IFR Diurno/Noturno, 15/33,1540,45,PCN 51/F/A/W/T,Asfalto,,,,,,,,,,,,,,,,,,,,,,,,
SBKG,PB0003,PRESIDENTE JOÃO SUASSUNA,CAMPINA GRANDE,PB,7° 16' 9'' S,35° 53' 42'' W,502,VFR Diurno/Noturno e IFR Diurno/Noturno, 15/33,1600,42,PCN 50/F/A/X/T,Asfalto,,,,,,,,,,,,,,,,,,,,,,,,
SBKP,SP0003,VIRACOPOS,CAMPINAS,SP,23° 0' 25'' S,47° 8' 4'' W,661,VFR Diurno/Noturno e IFR Diurno/Noturno, 15/33,3240,45,PCN 56/F/B/X/T,Asfalto,,,,,,,,,,,,,,,,,,,,,,,,
SBLE,BA0006,HORÁCIO DE MATTOS,LENÇÓIS,BA,12° 28' 56'' S,41° 16' 37'' W,506,VFR Diurno/Noturno, 14/32,2082,30,PCN 44/R/A/W/T,Asfalto,,,,,,,,,,,,,,,,,,,,,,,,
SBLJ,SC0007,LAGES,LAGES,SC,27° 46' 56'' S,50° 16' 54'' W,934,VFR Diurno/Noturno e IFR Diurno/Noturno, 17/35,1532,30,PCN 17/F/C/Y/U,Asfalto,,,,,,,,,,,,,,,,,,,,,,,,
SBLO,PR0003,GOVERNADOR JOSÉ RICHA,LONDRINA,PR,23° 19' 49'' S,51° 8' 12'' W,569,VFR Diurno/Noturno e IFR Diurno/Noturno, 13/31,2100,45,PCN 43/F/B/X/T,Asfalto,,,,,,,,,,,,,,,,,,,,,,,,
SBLP,BA0037,BOM JESUS DA LAPA,BOM JESUS DA LAPA,BA,13° 15' 41'' S,43° 24' 27'' W,443,VFR Diurno/Noturno e IFR Diurno, 18/36,1211,30,PCN 9/F/C/Y/U,Asfalto,,,,,,,,,,,,,,,,,,,,,,,,
SBMA,PA0004,JOÃO CORREA DA ROCHA,MARABÁ,PA,5° 22' 5'' S,49° 8' 17'' W,109,VFR Diurno/Noturno e IFR Diurno/Noturno, 07/25,2000,45,PCN 40/F/C/X/U,Asfalto,,,,,,,,,,,,,,,,,,,,,,,,
SBMD,PA0009,MONTE DOURADO,ALMEIRIM,PA,0° 53' 23'' S,52° 36' 8'' W,206,VFR Diurno/Noturno e IFR Diurno/Noturno, 08/26,1800,30,PCN 25/F/B/X/U,Asfalto,,,,,,,,,,,,,,,,,,,,,,,,
SBME,RJ0004,MACAÉ,MACAÉ,RJ,22° 20' 34'' S,41° 45' 50'' W,2,VFR Diurno/Noturno e IFR Diurno/Noturno, 06/24,1200,30,PCN 19/F/C/W/T,Asfalto,,,,,,,,,,,,,,,,,,,,,,,,
SBMG,PR0004,SÍLVIO NAME JÚNIOR,MARINGÁ,PR,23° 28' 46'' S,52° 0' 44'' W,545,VFR Diurno/Noturno e IFR Diurno/Noturno, 10/28,2100,45,PCN 41/F/A/X/T,Asfalto,,,,,,,,,,,,,,,,,,,,,,,,
SBMK,MG0004,MÁRIO RIBEIRO,MONTES CLAROS,MG,16° 42' 22'' S,43° 49' 19'' W,668,VFR Diurno/Noturno e IFR Diurno/Noturno, 12/30,2100,45,PCN 34/F/B/X/T,Asfalto,,,,,,,,,,,,,,,,,,,,,,,,
SBML,SP0014,FRANK MILOYE MILENKOVICH,MARÍLIA,SP,22° 11' 44'' S,49° 55' 37'' W,650,VFR Diurno/Noturno e IFR Diurno/Noturno, 03/21,1700,35,PCN 35/F/B/X/T,Asfalto,,,,,,,,,,,,,,,,,,,,,,,,
SBMO,AL0001,ZUMBI DOS PALMARES,MACEIÓ,AL,9° 31' 2'' S,35° 47' 1'' W,118,VFR Diurno/Noturno e IFR Diurno/Noturno, 12/30,2602,45,PCN 46/F/A/X/T,Asfalto,,,,,,,,,,,,,,,,,,,,,,,,
SBMQ,AP0001,ALBERTO ALCOLUMBRE,MACAPÁ,AP,0° 3' 3'' N,51° 4' 13'' W,17,VFR Diurno/Noturno e IFR Diurno/Noturno, 08/26,1800,45,PCN 48/F/C/X/T,Asfalto,,,,,,,,,,,,,,,,,,,,,,,,
SBMS,RN0002,DIX-SEPT ROSADO,MOSSORÓ,RN,5° 11' 45'' S,37° 21' 42'' W,23,VFR Diurno e IFR Diurno/Noturno, 05/23,2000,30,PCN 31/F/B/X/T,Asfalto,,,,,,,,,,,,,,,,,,,,,,,,
SBMT,SP0007,CAMPO DE MARTE,SÃO PAULO,SP,23° 30' 24'' S,46° 38' 2'' W,722,VFR Diurno/Noturno, 12/30,1600,45,PCN 16/F/C/Y/U,Asfalto,,,,,,,,,,,,,,,,,,,,,,,,
SBMY,AM0015,MANICORÉ,MANICORÉ,AM,5° 49' 1'' S,61° 17' 2'' W,53,VFR Diurno, 05/23,1265,30,PCN 12/F/C/Y/U,Asfalto,,,,,,,,,,,,,,,,,,,,,,,,
SBNF,SC0002,MINISTRO VICTOR KONDER,NAVEGANTES,SC,26° 52' 43'' S,48° 39' 3'' W,5,VFR Diurno/Noturno e IFR Diurno/Noturno, 07/25,1701,45,PCN 33/F/A/X/T,Asfalto,,,,,,,,,,,,,,,,,,,,,,,,
SBNM,RS0008,SANTO ÂNGELO,SANTO ÂNGELO,RS,28° 16' 54'' S,54° 10' 6'' W,322,VFR Diurno/Noturno e IFR Diurno/Noturno, 12/30,1625,30,PCN 35/F/A/X/T,Asfalto,,,,,,,,,,,,,,,,,,,,,,,,
SBOI,AP0002,OIAPOQUE,OIAPOQUE,AP,3° 51' 41'' N,51° 47' 46'' W,19,VFR Diurno e IFR Diurno, 03/21,1200,30,PCN 10/F/B/Y/U,Asfalto,,,,,,,,,,,,,,,,,,,,,,,,
SBPA,RS0001,SALGADO FILHO,PORTO ALEGRE,RS,29° 59' 38'' S,51° 10' 16'' W,4,VFR Diurno/Noturno e IFR Diurno/Noturno, 11/29,2280,45,PCN 74/F/A/X/T,Asfalto,,,,,,,,,,,,,,,,,,,,,,,,
SBPB,PI0002,AEROPORTO INTERNACIONAL DE PARNAÍBA / PREFEITO DOUTOR JOÃO SILVA FILHO,PARNAÍBA,PI,2° 53' 38'' S,41° 43' 49'' W,5,VFR Diurno/Noturno, 10/28,2500,45,PCN 52/F/C/X/T,Asfalto,,,,,,,,,,,,,,,,,,,,,,,,
SBPC,MG0018,EMBAIXADOR WALTHER MOREIRA SALLES,POÇOS DE CALDAS,MG,21° 50' 16'' S,46° 33' 58'' W,1261,VFR Diurno e IFR Diurno, 09/27,1515,30,PCN 14/F/C/Y/U,Asfalto,,,,,,,,,,,,,,,,,,,,,,,,
SBPF,RS0006,LAURO KURTZ,PASSO FUNDO,RS,28° 14' 43'' S,52° 19' 43'' W,724,VFR Diurno/Noturno e IFR Diurno/Noturno, 08/26,1700,30,PCN 29/F/A/X/T,Asfalto,,,,,,,,,,,,,,,,,,,,,,,,
SBPJ,TO0001,BRIGADEIRO LYSIAS RODRIGUES,PALMAS,TO,10° 17' 24'' S,48° 21' 28'' W,236,VFR Diurno/Noturno e IFR Diurno/Noturno, 14/32,2500,45,PCN 48/F/B/X/T,Asfalto,,,,,,,,,,,,,,,,,,,,,,,,
SBPK,RS0005,JOÃO SIMÕES LOPES NETO,PELOTAS,RS,31° 42' 58'' S,52° 19' 52'' W,18,VFR Diurno/Noturno e IFR Diurno/Noturno, 06/24,1980,42,PCN 35/R/B/W/T,Concreto,,,,,,,,,,,,,,,,,,,,,,,,
SBPL,PE0002,SENADOR NILO COELHO,PETROLINA,PE,9° 22' 3'' S,40° 33' 49'' W,384,VFR Diurno/Noturno e IFR Diurno/Noturno, 13/31,3250,45,PCN 80/F/C/X/T,Asfalto,,,,,,,,,,,,,,,,,,,,,,,,
SDPE,TO0003,PORTO NACIONAL,PORTO NACIONAL,TO,10° 43' 1'' S,48° 24' 1'' W,265,VFR Diurno/Noturno, 05/23,1700,30,PCN 27/F/B/X/T,Asfalto,,,,,,,,,,,,,,,,,,,,,,,,
SBPP,MS0005,PONTA PORÃ,PONTA PORÃ,MS,22° 32' 59'' S,55° 42' 9'' W,657,VFR Diurno e IFR Diurno/Noturno, 04/22,2000,45,PCN 31/F/A/X/T,Asfalto,,,,,,,,,,,,,,,,,,,,,,,,
SBPR,MG0005,CARLOS PRATES,BELO HORIZONTE,MG,19° 54' 33'' S,43° 59' 21'' W,928,VFR Diurno, 09/27,868,18,PCN 10/F/C/Y/U,Asfalto,,,,,,,,,,,,,,,,,,,,,,,,
SBPS,BA0002,PORTO SEGURO,PORTO SEGURO,BA,16° 26' 17'' S,39° 4' 40'' W,51,VFR Diurno/Noturno e IFR Diurno/Noturno, 10/28,2000,45,PCN 44/R/B/X/T,Asfalto,,,,,,,,,,,,,,,,,,,,,,,,
SBPV,RO0001,GOVERNADOR JORGE TEIXEIRA DE OLIVEIRA,PORTO VELHO,RO,8° 42' 49'' S,63° 54' 10'' W,88,VFR Diurno/Noturno e IFR Diurno/Noturno, 18/36,2400,45,PCN 41/F/B/X/T,Asfalto,,,,,,,,,,,,,,,,,,,,,,,,
SBRB,AC0001,PLÁCIDO DE CASTRO,RIO BRANCO,AC,9° 52' 6'' S,67° 53' 53'' W,193,VFR Diurno/Noturno e IFR Diurno/Noturno, 06/24,2158,45,PCN 78/F/D/X/T,Asfalto,,,,,,,,,,,,,,,,,,,,,,,,
SBRD,MT0004,RONDONÓPOLIS - MAESTRO MARINHO FRANCO (*SWRD),RONDONÓPOLIS,MT,16° 35' 17'' S,54° 43' 18'' W,447,VFR Diurno/Noturno e IFR Diurno/Noturno, 02/20,1850,30,PCN 28/F/B/X/U,Asfalto,,,,,,,,,,,,,,,,,,,,,,,,
SBRF,PE0001,GUARARAPES - GILBERTO FREYRE,RECIFE,PE,8° 7' 35'' S,34° 55' 22'' W,10,VFR Diurno/Noturno e IFR Diurno/Noturno, 18/36,3007,45,PCN 63/F/B/X/T,Asfalto,,,,,,,,,,,,,,,,,,,,,,,,
SBRJ,RJ0002,SANTOS DUMONT,RIO DE JANEIRO,RJ,22° 54' 36'' S,43° 9' 45'' W,3,VFR Diurno/Noturno e IFR Diurno/Noturno, 2R/20L,1323,42,PCN 65/F/B/X/T,Asfalto,,,,,,,,,,,,,,,,,,,,,,,,
SBRP,SP0004,LEITE LOPES,RIBEIRÃO PRETO,SP,21° 8' 11'' S,47° 46' 36'' W,550,VFR Diurno/Noturno e IFR Diurno/Noturno, 18/36,2100,45,PCN 26/F/B/X/T,Asfalto,,,,,,,,,,,,,,,,,,,,,,,,
SBSG,RN0001,GOVERNADOR ALUIZIO ALVES,SÃO GONÇALO DO AMARANTE,RN,5° 46' 8'' S,35° 21' 59'' W,83,VFR Diurno/Noturno e IFR Diurno/Noturno, 12/30,3000,60,PCN 70/F/A/X/T,Asfalto,,,,,,,,,,,,,,,,,,,,,,,,
SBSJ,SP0008,PROFESSOR URBANO ERNESTO STUMPF,SÃO JOSÉ DOS CAMPOS,SP,23° 13' 44'' S,45° 52' 16'' W,647,VFR Diurno/Noturno e IFR Diurno/Noturno, 15/33,2676,45,PCN 71/F/A/X/T,Asfalto,,,,,,,,,,,,,,,,,,,,,,,,
SBSL,MA0001,MARECHAL CUNHA MACHADO,SÃO LUÍS,MA,2° 35' 13'' S,44° 14' 10'' W,54,VFR Diurno/Noturno e IFR Diurno/Noturno, 06/24,2385,45,PCN 52/F/B/X/T,Asfalto,,,,,,,,,,,,,,,,,,,,,,,,
SBSM,RS0003,SANTA MARIA,SANTA MARIA,RS,29° 42' 39'' S,53° 41' 32'' W,88,VFR Diurno/Noturno e IFR Diurno/Noturno, 11/29,2700,45,PCN 20/R/B/X/T,Concreto,,,,,,,,,,,,,,,,,,,,,,,,
SBSN,PA0002,MAESTRO WILSON FONSECA,SANTARÉM,PA,2° 25' 29'' S,54° 47' 9'' W,60,VFR Diurno/Noturno e IFR Diurno/Noturno, 10/28,2400,45,PCN 48/F/A/W/T,Asfalto,,,,,,,,,,,,,,,,,,,,,,,,
SBSP,SP0001,CONGONHAS,SÃO PAULO,SP,23° 37' 34'' S,46° 39' 23'' W,802,VFR Diurno/Noturno e IFR Diurno/Noturno, 17R/35L,1940,45,PCN 50/F/B/X/T,Asfalto,,,,,,,,,,,,,,,,,,,,,,,,
SBSR,SP0006,PROFESSOR ERIBERTO MANOEL REINO,SÃO JOSÉ DO RIO PRETO,SP,20° 48' 58'' S,49° 24' 17'' W,544,VFR Diurno/Noturno e IFR Diurno/Noturno, 07/25,1640,35,PCN 35/F/B/X/T,Asfalto,,,,,,,,,,,,,,,,,,,,,,,,
SBSV,BA0001,DEPUTADO LUÍS EDUARDO MAGALHÃES,SALVADOR,BA,12° 54' 31'' S,38° 19' 21'' W,20,VFR Diurno/Noturno e IFR Diurno/Noturno, 10/28,3003,45,PCN 73/F/A/W/T,Asfalto,,,,,,,,,,,,,,,,,,,,,,,,-
SBTB,PA0012,TROMBETAS,TROMBETAS,PA,1° 29' 4'' S,56° 23' 57'' W,87,VFR Diurno/Noturno e IFR Diurno/Noturno, 09/27,1600,30,PCN 26/F/A/X/T,Asfalto,,,,,,,,,,,,,,,,,,,,,,,,
SBTD,PR0008,LUIZ DALCANALE FILHO,TOLEDO,PR,24° 41' 7'' S,53° 41' 47'' W,562,VFR Diurno/Noturno e IFR Diurno/Noturno, 02/20,1670,30,PCN 33/F/C/X/U,Asfalto,,,,,,,,,,,,,,,,,,,,,,,,
SBTE,PI0001,SENADOR PETRÔNIO PORTELLA,TERESINA,PI,5° 3' 38'' S,42° 49' 28'' W,67,VFR Diurno/Noturno e IFR Diurno/Noturno, 02/20,2200,45,PCN 46/F/A/X/T,Asfalto,,,,,,,,,,,,,,,,,,,,,,,,
SBTF,AM0004,TEFÉ,TEFÉ,AM,3° 22' 49'' S,64° 43' 31'' W,57,VFR Diurno/Noturno e IFR Diurno/Noturno, 15/33,2200,45,PCN 29/F/C/X/U,Asfalto,,,,,,,,,,,,,,,,,,,,,,,,
SBTG,MS0006,TRÊS LAGOAS,TRÊS LAGOAS,MS,20° 45' 5'' S,51° 40' 49'' W,323,VFR Diurno/Noturno, 07/25,2000,30,PCN 33/F/B/X/T,Asfalto,,,,,,,,,,,,,,,,,,,,,,,,
SBTK,AC0004,TARAUACÁ,TARAUACÁ,AC,8° 9' 17'' S,70° 46' 58'' W,197,VFR Diurno, 14/32,1130,14,"5700 kg / 0,5 MPa",Asfalto,,,,,,,,,,,,,,,,,,,,,,,,
SSTE,RS0011,TORRES,TORRES,RS,29° 24' 36'' S,49° 48' 37'' W,8,VFR Diurno/Noturno e IFR Diurno/Noturno, 05/23,1500,30,PCN 32/F/B/X/T,Asfalto,,,,,,,,,,,,,,,,,,,,,,,,
SBTT,AM0005,TABATINGA,TABATINGA,AM,4° 15' 2'' S,69° 56' 16'' W,85,VFR Diurno/Noturno e IFR Diurno/Noturno, 12/30,2150,45,PCN 33/F/D/X/U,Asfalto,,,,,,,,,,,,,,,,,,,,,,,,
SBTU,PA0007,TUCURUÍ,TUCURUÍ,PA,3° 46' 37'' S,49° 43' 11'' W,253,VFR Diurno/Noturno e IFR Diurno/Noturno, 02/20,2000,45,PCN 33/F/C/X/U,Asfalto,,,,,,,,,,,,,,,,,,,,,,,,
SBUA,AM0003,SÃO GABRIEL DA CACHOEIRA,SÃO GABRIEL DA CACHOEIRA,AM,0° 8' 53'' S,66° 59' 9'' W,76,VFR Diurno e IFR Diurno, 05/23,2600,45,PCN 47/F/C/X/U,Asfalto,,,,,,,,,,,,,,,,,,,,,,,,
SBUF,BA0007,PAULO AFONSO,PAULO AFONSO,BA,9° 24' 4'' S,38° 15' 4'' W,269,VFR Diurno/Noturno, 14/32,1800,45,PCN 35/F/C/X/U,Asfalto,,,,,,,,,,,,,,,,,,,,,,,,
SBUG,RS0012,RUBEM BERTA,URUGUAIANA,RS,29° 47' 0'' S,57° 2' 13'' W,78,VFR Diurno/Noturno e IFR Diurno/Noturno, 09/27,1500,30,PCN 18/F/C/Y/T,Asfalto,,,,,,,,,,,,,,,,,,,,,,,,
SBUL,MG0002,TEN CEL AVIADOR CÉSAR BOMBONATO,UBERLÂNDIA,MG,18° 53' 1'' S,48° 13' 31'' W,943,VFR Diurno/Noturno e IFR Diurno/Noturno, 04/22,2100,45,PCN 43/F/A/X/T,Asfalto,,,,,,,,,,,,,,,,,,,,,,,,
SBUR,MG0009,MARIO DE ALMEIDA FRANCO,UBERABA,MG,19° 45' 53'' S,47° 57' 58'' W,809,VFR Diurno/Noturno e IFR Diurno/Noturno, 17/35,1759,45,PCN 32/F/A/X/T,Asfalto,,,,,,,,,,,,,,,,,,,,,,,,
SBVG,MG0019,MAJOR BRIGADEIRO TROMPOWSKY,VARGINHA,MG,21° 35' 20'' S,45° 28' 24'' W,922,VFR Diurno e IFR Diurno/Noturno, 04/22,2100,30,PCN 26/F/A/Y/T,Asfalto,,,,,,,,,,,,,,,,,,,,,,,,
SBVH,RO0003,VILHENA,VILHENA,RO,12° 41' 39'' S,60° 5' 50'' W,615,VFR Diurno/Noturno e IFR Diurno/Noturno, 03/21,2600,30,PCN 30/F/A/X/T,Asfalto,,,,,,,,,,,,,,,,,,,,,,,,
SBVT,ES0001,EURICO DE AGUIAR SALLES,VITÓRIA,ES,20° 15' 29'' S,40° 17' 11'' W,3,VFR Diurno/Noturno e IFR Diurno/Noturno, 06/24,1750,45,PCN 45/F/B/X/T,Asfalto,,,,,,,,,,,,,,,,,,,,,,,,-
SBZM,MG0006,PRESIDENTE ITAMAR FRANCO,GOIANÁ,MG,21° 30' 47'' S,43° 10' 23'' W,412,VFR Diurno e IFR Diurno/Noturno, 08/26,2525,45,PCN 66/F/B/X/T,Asfalto,,,,,,,,,,,,,,,,,,,,,,,,
SDAA,SP0045,ARARAS,ARARAS,SP,22° 20' 13'' S,47° 21' 30'' W,685,VFR Diurno, 12/30,1150,30,PCN 6/F/C/Y/U,Asfalto,,,,,,,,,,,,,,,,,,,,,,,,
SDAD,SP0046,EVERALDO MORAES BARRETO,ADAMANTINA,SP,21° 41' 46'' S,51° 5' 47'' W,425,VFR Diurno, 09/27,1240,18,"5000 kg / 0,5 MPa",Asfalto,,,,,,,,,,,,,,,,,,,,,,,,
SDAE,SP0053,SÃO PEDRO,SÃO PEDRO,SP,22° 35' 1'' S,47° 53' 46'' W,566,VFR Diurno, 14/32,1000,25,"5600 kg / 0,5 MPa",Terra,,,,,,,,,,,,,,,,,,,,,,,,
SDAG,RJ0010,ANGRA DOS REIS,ANGRA DOS REIS,RJ,22° 58' 31'' S,44° 18' 26'' W,3,VFR Diurno, 10/28,913,30,PCN 14/F/B/Y/T,Asfalto,,,,,,,,,,,,,,,,,,,,,,,,
SDAI,SP0047,AMERICANA,AMERICANA,SP,22° 45' 19'' S,47° 16' 5'' W,611,VFR Diurno/Noturno, 12/30,1100,18,PCN 9/F/B/X/T,Asfalto,,,,,,,,,,,,,,,,,,,,,,,,
SDAM,SP0037,ESTADUAL DE CAMPOS DOS AMARAIS - PREFEITO FRANCISCO AMARAL,CAMPINAS,SP,22° 51' 33'' S,47° 6' 29'' W,612,VFR Diurno/Noturno, 16/34,1200,30,PCN 25/F/A/X/T,Asfalto,,,,,,,,,,,,,,,,,,,,,,,,
SDBA,SP0063,BATATAIS,BATATAIS,SP,20° 52' 37'' S,47° 35' 9'' W,881,VFR Diurno, 13/31,720,30,"5700 kg / 0,5 MPa",Terra,,,,,,,,,,,,,,,,,,,,,,,,
SDBB,SP0018,BEBEDOURO,BEBEDOURO,SP,20° 54' 1'' S,48° 28' 25'' W,592,VFR Diurno, 13/31,1500,23,PCN 15/F/A/X/T,Asfalto,,,,,,,,,,,,,,,,,,,,,,,,
SDBK,SP0019,TANCREDO DE ALMEIDA NEVES,BOTUCATU,SP,22° 56' 12'' S,48° 28' 3'' W,918,VFR Diurno/Noturno, 01/19,1500,30,PCN 40/F/A/X/T,Asfalto,,,,,,,,,,,,,,,,,,,,,,,,
SDBY,SP0032,BARIRI,BARIRI,SP,22° 4' 9'' S,48° 42' 23'' W,493,VFR Diurno, 11/29,1470,30,"5600 kg / 0,5 MPa",Terra,,,,,,,,,,,,,,,,,,,,,,,,
SDCA,SP0051,CAPÃO BONITO,CAPÃO BONITO,SP,24° 2' 1'' S,48° 21' 25'' W,714,VFR Diurno, 16/34,1075,20,PCN 10/F/C/Y/U,Asfalto,,,,,,,,,,,,,,,,,,,,,,,,
SDCG,AM0016,SENADORA EUNICE MICHILES,SÃO PAULO DE OLIVENÇA,AM,3° 28' 14'' S,68° 55' 27'' W,102,VFR Diurno, 04/22,1200,23,PCN 6/R/B/Y/T,Concreto,,,,,,,,,,,,,,,,,,,,,,,,
SDCO,SP0027,SOROCABA,SOROCABA,SP,23° 28' 59'' S,47° 29' 11'' W,633,VFR Diurno/Noturno, 18/36,1480,30,PCN 36/F/B/X/T,Asfalto,,,,,,,,,,,,,,,,,,,,,,,,
SDDN,SP0020,PAULINO RIBEIRO DE ANDRADE,ANDRADINA,SP,20° 55' 33'' S,51° 23' 2'' W,380,VFR Diurno/Noturno, 11/29,1500,30,PCN 12/F/B/Y/T,Asfalto,,,,,,,,,,,,,,,,,,,,,,,,
SDDR,SP0021,DRACENA,DRACENA,SP,21° 27' 38'' S,51° 36' 25'' W,372,VFR Diurno/Noturno, 09/27,1500,30,PCN 14/F/A/X/T,Asfalto,,,,,,,,,,,,,,,,,,,,,,,,
SDEP,SP0052,GERALDO MOACIR BORDON,PRESIDENTE EPITÁCIO,SP,21° 46' 32'' S,52° 9' 47'' W,297,VFR Diurno, 05/23,1010,18,PCN 8/F/C/Y/U,Asfalto,,,,,,,,,,,,,,,,,,,,,,,,
SDET,SP0067,TIETÊ,TIETÊ,SP,23° 6' 17'' S,47° 43' 28'' W,501,VFR Diurno, 01/19,850,30,"5000 kg / 0,5 MPa",Terra,,,,,,,,,,,,,,,,,,,,,,,,
SDFD,SP0054,CORONEL AVIADOR CARLOS ORLEANS GUIMARÃES,FERNANDÓPOLIS,SP,20° 16' 36'' S,50° 12' 50'' W,500,VFR Diurno, 08/26,1000,25,PCN 16/F/A/X/T,Asfalto,,,,,,,,,,,,,,,,,,,,,,,,
SDFX,BA0054,CASA NOVA,CASA NOVA,BA,9° 9' 27'' S,40° 56' 15'' W,405,VFR Diurno, 12/30,1100,20,PCN 10/F/B/Y/U,Asfalto,,,,,,,,,,,,,,,,,,,,,,,,
SDGC,SP0055,GARÇA,GARÇA,SP,22° 11' 1'' S,49° 39' 22'' W,664,VFR Diurno, 01/19,1000,30,PCN 8/F/C/Y/U,Terra,,,,,,,,,,,,,,,,,,,,,,,,
SDGR,SP0074,GUARARAPES,GUARARAPES,SP,21° 15' 47'' S,50° 39' 11'' W,400,VFR Diurno, 01/19,630,20,"5000 kg / 0,5 MPa",Terra,,,,,,,,,,,,,,,,,,,,,,,,
SDIG,SP0038,IBITINGA,IBITINGA,SP,21° 44' 50'' S,48° 51' 21'' W,542,VFR Diurno, 13/31,1200,18,"5600 kg / 0,5 MPa",Asfalto,,,,,,,,,,,,,,,,,,,,,,,,
SDIM,SP0033,DR. ANTONIO RIBEIRO NOGUEIRA JÚNIOR,ITANHAÉM,SP,24° 9' 53'' S,46° 47' 8'' W,4,VFR Diurno/Noturno, 15/33,1350,30,PCN 31/F/C/X/T,Asfalto,,,,,,,,,,,,,,,,,,,,,,,,
SDIV,SP0056,ITUVERAVA,ITUVERAVA,SP,20° 22' 31'' S,47° 46' 7'' W,623,VFR Diurno, 17/35,1350,23,"5200 kg / 0,5 MPa",Asfalto,,,,,,,,,,,,,,,,,,,,,,,,
SDJC,SP0064,JABOTICABAL,JABOTICABAL,SP,21° 13' 51'' S,48° 17' 8'' W,625,VFR Diurno, 07/25,960,23,"5600 kg / 0,5 MPa",Terra,,,,,,,,,,,,,,,,,,,,,,,,
SDJO,SP0057,SÃO JOAQUIM DA BARRA,SÃO JOAQUIM DA BARRA,SP,20° 35' 36'' S,47° 50' 32'' W,651,VFR Diurno, 14/32,1000,30,"5600 kg / 0,5 MPa",Terra,,,,,,,,,,,,,,,,,,,,,,,,
SDJV,SP0035,MUNICIPAL DE SÃO JOÃO DA BOA VISTA,SÃO JOÃO DA BOA VISTA,SP,22° 1' 0'' S,46° 50' 26'' W,762,VFR Diurno/Noturno, 04/22,1250,30,PCN 20/F/B/Y/T,Asfalto,,,,,,,,,,,,,,,,,,,,,,,,
SDKF,BA0027,JUAZEIRO,CURAÇÁ,BA,9° 9' 19'' S,40° 5' 30'' W,392,VFR Diurno, 18/36,1300,22,PCN 12/F/B/Y/U,Asfalto,,,,,,,,,,,,,,,,,,,,,,,,
SDKJ,BA0025,FORMOSA DO RIO PRETO,FORMOSA DO RIO PRETO,BA,11° 1' 16'' S,45° 11' 14'' W,511,VFR Diurno, 13/31,1320, 18,5,PCN 10/F/B/Y/U,Asfalto,,,,,,,,,,,,,,,,,,,,,,,,
SDKK,SP0058,MOCOCA,MOCOCA,SP,21° 29' 14'' S,47° 2' 2'' W,651,VFR Diurno, 04/22,1000,30,PCN 8/F/C/Y/U,Terra,,,,,,,,,,,,,,,,,,,,,,,,
SDLC,SP0039,LUCÉLIA,LUCÉLIA,SP,21° 44' 58'' S,51° 1' 6'' W,450,VFR Diurno, 08/26,1200,40,PCN 10/F/C/Y/U,Grama,,,,,,,,,,,,,,,,,,,,,,,,
SDLE,BA0038,RIO DE CONTAS,RIO DE CONTAS,BA,13° 34' 59'' S,41° 47' 27'' W,1146,VFR Diurno, 15/33,1200,41,"5700 kg / 0,5 MPa",Piçarra,,,,,,,,,,,,,,,,,,,,,,,,
SDLK,BA0040,CACULÉ,CACULÉ,BA,14° 28' 52'' S,42° 15' 53'' W,662,VFR Diurno, 13/31,1200,20,PCN 8/F/B/Y/U,Asfalto,,,,,,,,,,,,,,,,,,,,,,,,
SDLL,SP0048,YOLANDA PENTEADO,LEME,SP,22° 13' 37'' S,47° 22' 56'' W,617,VFR Diurno, 08/26,1150,18,PCN 7/F/B/X/U,Asfalto,,,,,,,,,,,,,,,,,,,,,,,,
SDLP,SP0034,MUNICIPAL JOSÉ BOSO,LENÇÓIS PAULISTA,SP,22° 34' 42'' S,48° 46' 28'' W,621,VFR Diurno/Noturno, 07/25,1264,20,PCN 13/F/C/Y/T,Asfalto,,,,,,,,,,,,,,,,,,,,,,,,
SDLY,SP0071,ARMANDO NATALI,MATÃO,SP,21° 37' 27'' S,48° 21' 3'' W,635,VFR Diurno, 16/34,750,23,PCN 8/F/C/Y/U,Terra,,,,,,,,,,,,,,,,,,,,,,,,
SBMI,RJ0009,MARICÁ,MARICÁ,RJ,22° 55' 5'' S,42° 49' 44'' W,0,VFR Diurno/Noturno, 09/27,1190,30,PCN 13/F/A/X/T,Asfalto,,,,,,,,,,,,,,,,,,,,,,,,
SDMH,SP0059,MIRASSOL,MIRASSOL,SP,20° 48' 26'' S,49° 29' 10'' W,584,VFR Diurno, 06/24,1000,30,PCN 8/F/C/Y/U,Terra,,,,,,,,,,,,,,,,,,,,,,,,
SDMJ,SP0022,MOGI MIRIM,MOGI MIRIM,SP,22° 24' 36'' S,46° 54' 17'' W,693,VFR Diurno, 12/30,1500,30,"5600 kg / 0,5 MPa",Terra,,,,,,,,,,,,,,,,,,,,,,,,
SDMO,SP0068,MONTE ALTO,MONTE ALTO,SP,21° 15' 41'' S,48° 31' 47'' W,750,VFR Diurno, 17/35,850,20,"5600 kg / 0,5 MPa",Terra,,,,,,,,,,,,,,,,,,,,,,,,
SDNH,SP0060,NOVO HORIZONTE,NOVO HORIZONTE,SP,21° 29' 52'' S,49° 14' 4'' W,465,VFR Diurno, 13/31,1000,20,"5700 kg / 0,5 MPa",Cascalho,,,,,,,,,,,,,,,,,,,,,,,,
SDNM,MT0047,BRIGADEIRO EDUARDO GOMES,NOVA MUTUM,MT,13° 49' 16'' S,56° 2' 19'' W,430,VFR Diurno, 05/23,1541,24,PCN 18/F/B/Y/U,Asfalto,,,,,,,,,,,,,,,,,,,,,,,,
SDNO,SP0061,NELSON GARÓFALO,SÃO MANUEL,SP,22° 41' 46'' S,48° 34' 34'' W,730,VFR Diurno/Noturno, 14/32,1000,20,PCN 13/F/C/Y/U,Asfalto,,,,,,,,,,,,,,,,,,,,,,,,
SDOU,SP0023,AEROPORTO MUNICIPAL DE OURINHOS JORNALISTA BENEDITO PIMENTEL,OURINHOS,SP,22° 58' 25'' S,49° 54' 41'' W,467,VFR Diurno/Noturno, 16/34,1500,30,PCN 15/F/B/X/T,Asfalto,,,,,,,,,,,,,,,,,,,,,,,,
SDOV,GO0005,MOZARLÂNDIA,MOZARLÂNDIA,GO,14° 44' 41'' S,50° 34' 14'' W,328,VFR Diurno, 17/35,1500,30,PCN 20/F/B/Y/T,Asfalto,,,,,,,,,,,,,,,,,,,,,,,,
SDOW,PA0021,OURILÂNDIA DO NORTE,OURILÂNDIA DO NORTE,PA,6° 45' 44'' S,51° 3' 0'' W,229,VFR Diurno/Noturno, 14/32,1200,30,PCN 11/F/B/Y/T,Asfalto,,,,,,,,,,,,,,,,,,,,,,,,
SDPD,SP0072,PINDAMONHANGABA,PINDAMONHANGABA,SP,22° 56' 38'' S,45° 25' 55'' W,585,VFR Diurno, 06/24,750,30,PCN 8/F/C/Y/U,Grama,,,,,,,,,,,,,,,,,,,,,,,,
SDPN,SP0024,PENÁPOLIS,PENÁPOLIS,SP,21° 24' 37'' S,50° 1' 55'' W,418,VFR Diurno/Noturno, 15/33,1500,30,PCN 27/F/A/X/T,Asfalto,,,,,,,,,,,,,,,,,,,,,,,,
SDPV,SP0040,PRESIDENTE VENCESLAU,PRESIDENTE VENCESLAU,SP,21° 53' 36'' S,51° 53' 4'' W,445,VFR Diurno, 14/32,1200,30,"5700 kg / 0,5 MPa",Terra,,,,,,,,,,,,,,,,,,,,,,,,
SDPW,SP0041,PEDRO MORGANTI,PIRACICABA,SP,22° 42' 38'' S,47° 37' 10'' W,584,VFR Diurno/Noturno, 17/35,1200,30,PCN 21/F/A/X/T,Asfalto,,,,,,,,,,,,,,,,,,,,,,,,
SDPY,SP0066,PIRASSUNUNGA,PIRASSUNUNGA,SP,22° 1' 40'' S,47° 25' 18'' W,683,VFR Diurno, 02/20,860,30,PCN 8/F/C/Y/U,Terra,,,,,,,,,,,,,,,,,,,,,,,,
SDRK,SP0049,RIO CLARO,RIO CLARO,SP,22° 25' 54'' S,47° 33' 45'' W,600,VFR Diurno, 03/21,1047,40,"5600 kg / 0,5 MPa",Terra,,,,,,,,,,,,,,,,,,,,,,,,
SDRR,SP0028,AVARÉ-ARANDU,AVARÉ,SP,23° 5' 35'' S,48° 59' 3'' W,810,VFR Diurno/Noturno, 15/33,1480,30,PCN 26/F/A/X/T,Asfalto,,,,,,,,,,,,,,,,,,,,,,,,
SDRS,RJ0007,RESENDE,RESENDE,RJ,22° 28' 43'' S,44° 28' 54'' W,402,VFR Diurno, 08/26,1300,30,PCN 13/F/C/Y/U,Asfalto,,,,,,,,,,,,,,,,,,,,,,,,
SDSC,SP0029,MÁRIO PEREIRA LOPES,SÃO CARLOS,SP,21° 52' 35'' S,47° 54' 12'' W,807,VFR Diurno/Noturno, 02/20,1620,45,PCN 47/F/A/X/T,Asfalto,,,,,,,,,,,,,,,,,,,,,,,,
SBSO,MT0005,REGIONAL DE SORRISO ADOLINO BEDIN (SDSS*),SORRISO,MT,12° 28' 22'' S,55° 40' 8'' W,386,VFR Diurno/Noturno e IFR Diurno/Noturno, 05/23,1700,30,PCN 26/F/A/Y/T,Asfalto,,,,,,,,,,,,,,,,,,,,,,,,
SDTB,SP0069,ATIBAIA,ATIBAIA,SP,23° 7' 42'' S,46° 34' 29'' W,797,VFR Diurno, 02/20,800,30,"5000 kg / 0,5 MPa",Terra,,,,,,,,,,,,,,,,,,,,,,,,
SDTF,SP0050,TATUÍ,TATUÍ,SP,23° 19' 55'' S,47° 52' 48'' W,635,VFR Diurno, 14/32,1300,30,PCN 28/F/B/X/T,Asfalto,,,,,,,,,,,,,,,,,,,,,,,,
SDTI,SP0073,TUPI PAULISTA,TUPI PAULISTA,SP,21° 23' 36'' S,51° 36' 3'' W,365,VFR Diurno, 06/24,750,23,"5700 kg / 0,5 MPa",Grama,,,,,,,,,,,,,,,,,,,,,,,,
SDTK,RJ0011,PARATI,PARATI,RJ,23° 13' 28'' S,44° 43' 13'' W,3,VFR Diurno, 10/28,700,23,"2500 kg / 0,5 MPa",Asfalto,,,,,,,,,,,,,,,,,,,,,,,,
SDTP,SP0025,JOSÉ VICENTE FARIA LIMA,TUPÃ,SP,21° 53' 24'' S,50° 30' 21'' W,550,VFR Diurno/Noturno, 06/24,1500,35,PCN 33/F/B/X/T,Asfalto,,,,,,,,,,,,,,,,,,,,,,,,
SDUB,SP0065,ESTADUAL GASTÃO MADEIRA,UBATUBA,SP,23° 26' 29'' S,45° 4' 34'' W,3,VFR Diurno, 09/27,940,30,PCN 8/F/C/Y/U,Asfalto,,,,,,,,,,,,,,,,,,,,,,,,
SDUN,RJ0008,ITAPERUNA,ITAPERUNA,RJ,21° 13' 10'' S,41° 52' 32'' W,125,VFR Diurno, 06/24,1200,30,PCN 8/F/C/Y/U,Grama,,,,,,,,,,,,,,,,,,,,,,,,
SDUQ,SP0042,PARAGUAÇU PAULISTA,PARAGUAÇU PAULISTA,SP,22° 25' 37'' S,50° 36' 25'' W,476,VFR Diurno, 05/23,1199,30,"5600 kg / 0,5 MPa",Terra,,,,,,,,,,,,,,,,,,,,,,,,
SDVE,SP0070,VERA CRUZ,VERA CRUZ,SP,22° 13' 49'' S,49° 49' 1'' W,640,VFR Diurno, 15/33,950,20,"5600 kg / 0,5 MPa",Asfalto,,,,,,,,,,,,,,,,,,,,,,,,
SDVG,SP0026,DOMINGOS PIGNATARI,VOTUPORANGA,SP,20° 27' 26'' S,50° 0' 9'' W,508,VFR Diurno/Noturno, 05/23,1500,30,PCN 26/F/B/X/T,Asfalto,,,,,,,,,,,,,,,,,,,,,,,,
SDWQ,PA0027,ALENQUER,ALENQUER,PA,1° 55' 1'' S,54° 43' 22'' W,"30,87 m",VFR Diurno, 10/28,1000,23,"5700 kg / 0,5 MPa",Asfalto,,,,,,,,,,,,,,,,,,,,,,,,
SDXF,GO0020,ALTO PARAÍSO DE GOIÁS,ALTO PARAÍSO DE GOIÁS,GO,14° 7' 9'' S,47° 31' 49'' W,1345,VFR Diurno, 09/27,1080,30,"5700 kg / 0,5 MPa",Asfalto,,,,,,,,,,,,,,,,,,,,,,,,
SDXJ,MS0017,COSTA RICA,COSTA RICA,MS,18° 29' 29'' S,53° 10' 6'' W,738,VFR Diurno, 09/27,1160,23,PCN 10/F/B/Y/T,Asfalto,,,,,,,,,,,,,,,,,,,,,,,,
SDZG,CE0008,PEDRO TEIXEIRA CASTELO REGIONAL TAUÁ,TAUÁ,CE,5° 56' 0'' S,40° 17' 51'' W,444,VFR Diurno/Noturno, 09/27,1200,30,PCN 7/F/C/Y/U,Asfalto,,,,,,,,,,,,,,,,,,,,,,,,
SIBU,PB0012,CATOLÉ DO ROCHA,CATOLÉ DO ROCHA,PB,6° 21' 45'' S,37° 45' 19'' W,272,VFR Diurno, 11/29,800,18,PCN 10/F/B/Y/U,Asfalto,,,,,,,,,,,,,,,,,,,,,,,,
SIBW,PB0008,CONCEIÇÃO,CONCEIÇÃO,PB,7° 33' 45'' S,38° 29' 51'' W,370,VFR Diurno, 08/26,1000,27,PCN 8/F/C/Y/U,Asfalto,,,,,,,,,,,,,,,,,,,,,,,,
SIBY,PB0009,MONTEIRO,MONTEIRO,PB,7° 52' 42'' S,37° 8' 12'' W,619,VFR Diurno, 14/32,1000,28,PCN 8/F/C/Y/U,Asfalto,,,,,,,,,,,,,,,,,,,,,,,,
SIBZ,PB0010,ITAPORANGA,ITAPORANGA,PB,7° 18' 40'' S,38° 6' 49'' W,292,VFR Diurno, 14/32,1000,24,PCN 8/F/B/Y/U,Asfalto,,,,,,,,,,,,,,,,,,,,,,,,
SICB,PB0007,PEDRO SIMÕES PIMENTA,CUITÉ,PB,6° 29' 15'' S,36° 8' 24'' W,652,VFR Diurno, 10/28,1150,30,"5700 kg / 0,5 MPa",Terra,,,,,,,,,,,,,,,,,,,,,,,,
SILC,MT0025,AEROPORTO MUNICIPAL BOM FUTURO ,LUCAS DO RIO VERDE,MT,13° 2' 16'' S,55° 57' 1'' W,414,VFR Diurno/Noturno, 08/26,1730,30,"5700 kg / 0,5 MPa",Asfalto,,,,,,,,,,,,,,,,,,,,,,,,
SIMK,SP0011,TENENTE LUND PRESSOTO,FRANCA,SP,20° 35' 25'' S,47° 22' 57'' W,1003,VFR Diurno/Noturno, 05/23,2000,30,PCN 26/F/B/X/T,Asfalto,,,,,,,,,,,,,,,,,,,,,,,,
SIZX,MT0018,JUARA SUL,JUARA,MT,11° 17' 12'' S,57° 32' 20'' W,302,VFR Diurno, 11/29,1200,30,"5700 kg / 0,5 MPa",Cascalho,,,,,,,,,,,,,,,,,,,,,,,,
SJAU,TO0007,ARAGUACEMA,ARAGUACEMA,TO,8° 50' 16'' S,49° 33' 28'' W,207,VFR Diurno, 12/30,1400,30,PCN 6/F/A/Y/T,Asfalto,,,,,,,,,,,,,,,,,,,,,,,,
SJBY,MA0007,JOÃO SILVA,SANTA INÊS,MA,3° 39' 14'' S,45° 20' 42'' W,25,VFR Diurno, 06/24,1500,30,PCN 10/F/C/Y/T,Asfalto,,,,,,,,,,,,,,,,,,,,,,,,
SJGU,TO0005,ARAGUATINS,ARAGUATINS,TO,5° 41' 4'' S,48° 6' 56'' W,125,VFR Diurno/Noturno, 12/30,1500,30,PCN 8/F/B/Y/T,Cascalho,,,,,,,,,,,,,,,,,,,,,,,,
SBJA,SC0005,REGIONAL SUL,JAGUARUNA,SC,28° 40' 31'' S,49° 3' 37'' W,35,VFR Diurno/Noturno e IFR Diurno/Noturno, 05/23,2499,30,PCN 57/F/A/X/T,Asfalto,,,,,,,,,,,,,,,,,,,,,,,,
SJNP,PA0026,NOVO PROGRESSO,NOVO PROGRESSO,PA,7° 7' 33'' S,55° 24' 3'' W,242,VFR Diurno, 17/35,1050,28,"5700 kg / 0,5 MPa",Piçarra,,,,,,,,,,,,,,,,,,,,,,,,
SJOG,RO0008,ARIQUEMES,ARIQUEMES,RO,9° 53' 5'' S,63° 2' 56'' W,142,VFR Diurno, 03/21,1306,18,PCN 25/F/C/Y/U,Asfalto,,,,,,,,,,,,,,,,,,,,,,,,
SJQN,GO0006,QUIRINÓPOLIS,QUIRINÓPOLIS,GO,18° 26' 46'' S,50° 24' 33'' W,586,VFR Diurno, 13/31,1500,30,PCN 10/F/C/Y/T,Asfalto,,,,,,,,,,,,,,,,,,,,,,,,
SJRG,RS0013,REGIONAL DE RIO GRANDE,RIO GRANDE,RS,32° 5' 0'' S,52° 10' 3'' W,8,VFR Diurno/Noturno, 06/24,1900,30,PCN 11/F/B/Y/T,Asfalto,,,,,,,,,,,,,,,,,,,,,,,,
SJTS,PA0028,TERRA SANTA,TERRA SANTA,PA,2° 4' 22'' S,56° 29' 20'' W,25,VFR Diurno, 12/30,1000,23,"5700 kg / 0,5 MPa",Piçarra,,,,,,,,,,,,,,,,,,,,,,,,
SJVO,GO0030,ARAGARÇAS,ARAGARÇAS,GO,15° 53' 57'' S,52° 14' 43'' W,323,VFR Diurno, 10/28,1010,30,PCN 14/F/B/X/U,Asfalto,,,,,,,,,,,,,,,,,,,,,,,,
SJZA,PB0004,PEDRO VIEIRA MOREIRA,CAJAZEIRAS,PB,6° 52' 58'' S,38° 36' 57'' W,335,VFR Diurno/Noturno, 12/30,1600,30,PCN 26/F/B/X/T,Asfalto,,,,,,,,,,,,,,,,,,,,,,,,
SNAB,PE0009,ARARIPINA,ARARIPINA,PE,7° 35' 11'' S,40° 32' 7'' W,669,VFR Diurno, 13/31,1247,26,PCN 4/F/A/X/T,Asfalto,,,,,,,,,,,,,,,,,,,,,,,,
SNAE,PE0007,ARCOVERDE,ARCOVERDE,PE,8° 24' 28'' S,37° 5' 18'' W,634,VFR Diurno/Noturno, 15/33,1300,28,PCN 6/F/B/Y/U,Asfalto,,,,,,,,,,,,,,,,,,,,,,,,
SNAG,MG0020,ARAGUARI,ARAGUARI,MG,18° 40' 5'' S,48° 11' 25'' W,947,VFR Diurno, 05/23,1500,30,PCN 14/F/A/Y/T,Asfalto,,,,,,,,,,,,,,,,,,,,,,,,
SNAL,AL0003,ARAPIRACA,ARAPIRACA,AL,9° 46' 35'' S,36° 37' 50'' W,270,VFR Diurno/Noturno, 10/28,930,18,PCN 13/F/B/Y/T,Asfalto,,,,,,,,,,,,,,,,,,,,,,,,
SNAM,MG0011,SANTO ANTÔNIO DO AMPARO,SANTO ANTÔNIO DO AMPARO,MG,20° 54' 41'' S,44° 53' 40'' W,1097,VFR Diurno/Noturno, 18/36,1620,30,PCN 7/F/A/Y/T,Asfalto,,,,,,,,,,,,,,,,,,,,,,,,
SNAP,MG0021,JANAÚBA,JANAÚBA,MG,15° 43' 59'' S,43° 19' 26'' W,528,VFR Diurno, 10/28,1500,30,"5700 kg / 0,5 MPa",Asfalto,,,,,,,,,,,,,,,,,,,,,,,,
SNAR,MG0033,CIRILO QUEIRÓZ,ALMENARA,MG,16° 11' 2'' S,40° 40' 2'' W,195,VFR Diurno/Noturno, 07/25,1400,30,PCN 8/F/B/Y/U,Asfalto,,,,,,,,,,,,,,,,,,,,,,,,
SNAS,MG0022,TRÊS MARIAS,TRÊS MARIAS,MG,18° 13' 30'' S,45° 11' 26'' W,786,VFR Diurno, 06/24,1500,45,PCN 24/F/C/X/U,Asfalto,,,,,,,,,,,,,,,,,,,,,,,,
SBAC,CE0004,ARACATI (SNAT*),ARACATI,CE,4° 34' 7'' S,37° 48' 17'' W,36,VFR Diurno/Noturno e IFR Diurno/Noturno, 09/27,1800,30,PCN 36/F/A/X/U,Asfalto,,,,,,,,,,,,,,,,,,,,,,,,
SNAX,SP0016,MARCELO PIRES HALZHAUSEN,ASSIS,SP,22° 38' 24'' S,50° 27' 11'' W,564,VFR Diurno/Noturno, 12/30,1689,30,PCN 25/F/C/Y/U,Asfalto,,,,,,,,,,,,,,,,,,,,,,,,
SNBA,SP0013,CHAFEI AMSEI (SBBT*),BARRETOS,SP,20° 35' 8'' S,48° 35' 45'' W,580,VFR Diurno/Noturno, 08/26,1800,30,PCN 32/F/A/X/T,Asfalto,,,,,,,,,,,,,,,,,,,,,,,,
SNBC,MA0006,BARRA DO CORDA,BARRA DO CORDA,MA,5° 30' 9'' S,45° 12' 58'' W,155,VFR Diurno, 08/26,1560,30,PCN 13/F/B/Y/U,Terra,,,,,,,,,,,,,,,,,,,,,,,,
SNBG,ES0005,BAIXO GUANDU - AIMORÉS,BAIXO GUANDU,ES,19° 29' 56'' S,41° 2' 31'' W,80,VFR Diurno, 11/29,1200,30,PCN 10/F/C/Y/U,Asfalto,,,,,,,,,,,,,,,,,,,,,,,,
SNBI,MA0005,BACABAL,BACABAL,MA,4° 13' 41'' S,44° 49' 11'' W,20,VFR Diurno, 10/28,1600,30,PCN 25/F/A/X/T,Asfalto,,,,,,,,,,,,,,,,,,,,,,,,
SNBM,MG0051,CRISTIANO FERREIRA VARELLA,MURIAÉ,MG,21° 7' 34'' S,42° 23' 40'' W,270,VFR Diurno, 12/30,1140,23,PCN 12/F/B/Y/T,Asfalto,,,,,,,,,,,,,,,,,,,,,,,,
SNBR,BA0011,BARREIRAS,BARREIRAS,BA,12° 4' 45'' S,45° 0' 34'' W,748,VFR Diurno/Noturno, 08/26,1600,30,PCN 35/F/A/X/T,Asfalto,,,,,,,,,,,,,,,,,,,,,,,,
SNBS,MA0010,BALSAS,BALSAS,MA,7° 31' 31'' S,46° 3' 12'' W,284,VFR Diurno, 15/33,1000,23,PCN 14/F/B/Y/U,Asfalto,,,,,,,,,,,,,,,,,,,,,,,,
SNBX,BA0028,BARRA,BARRA,BA,11° 4' 52'' S,43° 8' 51'' W,389,VFR Diurno, 06/24,1300,20,PCN 10/F/B/X/U,Asfalto,,,,,,,,,,,,,,,,,,,,,,,,
SNBZ,BA0042,PARAMIRIM,PARAMIRIM,BA,13° 29' 26'' S,42° 13' 45'' W,639,VFR Diurno, 18/36,1179,25,"5700 kg / 0,5 MPa",Cascalho,,,,,,,,,,,,,,,,,,,,,,,,
SNCA,MG0031,CAMPO BELO,CAMPO BELO,MG,20° 53' 33'' S,45° 20' 8'' W,970,VFR Diurno, 10/28,1420,30,PCN 25/F/A/X/T,Asfalto,,,,,,,,,,,,,,,,,,,,,,,,
SNCS,CE0009,CAMPOS SALES,CAMPOS SALES,CE,7° 2' 58'' S,40° 21' 51'' W,610,VFR Diurno, 11/29,1200,30,PCN 17/F/A/X/T,Asfalto,,,,,,,,,,,,,,,,,,,,,,,,
SNCT,MG0056,CARATINGA,UBAPORANGA,MG,19° 43' 31'' S,42° 6' 40'' W,599,VFR Diurno, 02/20,1080,23,"5000 kg / 0,5 MPa",Asfalto,,,,,,,,,,,,,,,,,,,,,,,,
SNCX,ES0004,COLATINA,COLATINA,ES,19° 29' 4'' S,40° 35' 4'' W,153,VFR Diurno/Noturno, 15/33,1300,30,PCN 8/F/B/Y/T,Asfalto,,,,,,,,,,,,,,,,,,,,,,,,
SNCZ,MG0059,PONTE NOVA,PONTE NOVA,MG,20° 24' 11'' S,42° 55' 0'' W,572,VFR Diurno, 07/25,1060,30,PCN 11/F/C/Y/T,Asfalto,,,,,,,,,,,,,,,,,,,,,,,,
SNDC,PA0030,REDENÇÃO,REDENÇÃO,PA,8° 1' 52'' S,49° 58' 47'' W,207,VFR Diurno, 06/24,960,30,PCN 7/F/C/Y/T,Asfalto,,,,,,,,,,,,,,,,,,,,,,,,
SNDT,MG0030,JUSCELINO KUBITSCHEK,DIAMANTINA,MG,18° 13' 56'' S,43° 39' 1'' W,1356,VFR Diurno/Noturno, 03/21,1610,30,PCN 14/F/B/X/T,Asfalto,,,,,,,,,,,,,,,,,,,,,,,,
SNDV,MG0015,BRIGADEIRO ANTÔNIO CABRAL,DIVINÓPOLIS,MG,20° 10' 55'' S,44° 52' 12'' W,795,VFR Diurno/Noturno, 17/35,1540,30,PCN 20/F/B/X/T,Asfalto,,,,,,,,,,,,,,,,,,,,,,,,
SNDW,BA0043,DIVISA,ENCRUZILHADA,BA,15° 31' 10'' S,40° 52' 21'' W,826,VFR Diurno, 08/26,1200,20,"2500 kg / 0,5 MPa",Asfalto,,,,,,,,,,,,,,,,,,,,,,,,
SNEB,PA0018,NAGIB DEMACHKI,PARAGOMINAS,PA,3° 1' 11'' S,47° 18' 59'' W,135,VFR Diurno, 09/27,1450,30,PCN 30/F/C/X/T,Asfalto,,,,,,,,,,,,,,,,,,,,,,,,
SNED,BA0023,SÓCRATES REZENDE,CANAVIEIRAS,BA,15° 39' 59'' S,38° 57' 19'' W,6,VFR Diurno, 14/32,1340,30,"5700 kg / 0,5 MPa",Asfalto,,,,,,,,,,,,,,,,,,,,,,,,
SNEE,RS0004,VACARIA NOVO,VACARIA,RS,28° 25' 55'' S,51° 1' 22'' W,900,VFR Diurno, 11/29,2020,30,PCN 32/F/A/X/T,Asfalto,,,,,,,,,,,,,,,,,,,,,,,,
SNEU,BA0044,EUCLIDES DA CUNHA,EUCLIDES DA CUNHA,BA,10° 31' 39'' S,39° 1' 57'' W,462,VFR Diurno, 18/36,1200,22,PCN 10/F/C/Y/U,Asfalto,,,,,,,,,,,,,,,,,,,,,,,,
SNFE,MG0012,COMANDANTE PASCHOAL PATROCÍNIO FILHO,ALFENAS,MG,21° 25' 54'' S,45° 55' 59'' W,875,VFR Diurno/Noturno, 04/22,1600,30,PCN 8/F/C/Y/U,Asfalto,,,,,,,,,,,,,,,,,,,,,,,,
SNFO,MG0060,FORMIGA,FORMIGA,MG,20° 23' 43'' S,45° 29' 12'' W,1017,VFR Diurno, 02/20,1030,23,PCN 8/F/C/Y/U,Cascalho,,,,,,,,,,,,,,,,,,,,,,,,
SNFU,MG0063,FRUTAL,FRUTAL,MG,20° 0' 17'' S,48° 57' 32'' W,549,VFR Diurno, 07/25,1320,30,PCN 15/F/C/Y/T,Asfalto,,,,,,,,,,,,,,,,,,,,,,,,
SNFX,PA0013,SÃO FÉLIX DO XINGU,SÃO FÉLIX DO XINGU,PA,6° 38' 25'' S,51° 59' 24'' W,200,VFR Diurno, 13/31,1600,33,PCN 45/F/C/X/U,Asfalto,,,,,,,,,,,,,,,,,,,,,,,,
SNGA,ES0007,GUARAPARI,GUARAPARI,ES,20° 38' 47'' S,40° 29' 30'' W,9,VFR Diurno/Noturno, 06/24,940,30,PCN 13/F/C/X/U,Asfalto,,,,,,,,,,,,,,,,,,,,,,,,
SNGB,PI0011,GILBUÉS,GILBUÉS,PI,9° 50' 1'' S,45° 22' 2'' W,450,VFR Diurno, 09/27,1000,30,PCN 8/F/C/Y/U,Terra,,,,,,,,,,,,,,,,,,,,,,,,
SNGD,PI0005,GUADALUPE,GUADALUPE,PI,6° 46' 56'' S,43° 34' 56'' W,172,VFR Diurno, 15/33,1600,36,PCN 9/F/C/X/U,Piçarra,,,,,,,,,,,,,,,,,,,,,,,,
SNGG,PI0007,BOM JESUS DO GURGUÉIA,BOM JESUS,PI,9° 3' 34'' S,44° 22' 9'' W,338,VFR Diurno, 16/34,1200,20,PCN 9/F/C/Y/U,Asfalto,,,,,,,,,,,,,,,,,,,,,,,,
SNGI,BA0009,GUANAMBI,GUANAMBI,BA,14° 12' 29'' S,42° 44' 46'' W,553,VFR Diurno/Noturno, 14/32,1700,30,PCN 18/F/A/Y/T,Asfalto,,,,,,,,,,,,,,,,,,,,,,,,
SNGN,PE0006,GARANHUNS,GARANHUNS,PE,8° 50' 4'' S,36° 28' 17'' W,772,VFR Diurno, 16/34,1254,28,PCN 6/F/C/Y/T,Asfalto,,,,,,,,,,,,,,,,,,,,,,,,
SNGT,BA0029,GENTIO DO OURO,GENTIO DO OURO,BA,11° 26' 30'' S,42° 31' 8'' W,1082,VFR Diurno, 06/24,1300,29,PCN 10/F/B/Y/U,Asfalto,,,,,,,,,,,,,,,,,,,,,,,,
SNGX,MG0023,GUAXUPÉ,GUAXUPÉ,MG,21° 19' 36'' S,46° 43' 49'' W,849,VFR Diurno/Noturno, 12/30,1500,30,PCN 19/F/A/Y/T,Asfalto,,,,,,,,,,,,,,,,,,,,,,,,
SNHS,PE0005,SANTA MAGALHÃES,SERRA TALHADA,PE,8° 3' 41'' S,38° 19' 43'' W,470,VFR Diurno/Noturno, 13/31,1593,30,PCN 31/F/B/Y/T,Asfalto,,,,,,,,,,,,,,,,,,,,,,,,
SNIB,BA0045,ITABERABA,ITABERABA,BA,12° 29' 59'' S,40° 16' 13'' W,283,VFR Diurno, 14/32,1100,30,PCN 8/F/C/Y/U,Asfalto,,,,,,,,,,,,,,,,,,,,,,,,
SNIC,BA0019,IRECÊ,IRECÊ,BA,11° 20' 24'' S,41° 50' 49'' W,784,VFR Diurno/Noturno, 11/29,1400,30,"5700 kg / 0,5 MPa",Asfalto,,,,,,,,,,,,,,,,,,,,,,,,
SNIE,BA0020,CAETITÉ,CAETITÉ,BA,14° 0' 44'' S,42° 29' 38'' W,976,VFR Diurno, 10/28,1365,20,PCN 12/F/C/Y/U,Asfalto,,,,,,,,,,,,,,,,,,,,,,,,
SNIG,CE0007,IGUATU,IGUATU,CE,6° 20' 48'' S,39° 17' 40'' W,213,VFR Diurno, 16/34,1410,30,PCN 16/F/C/Y/U,Asfalto,,,,,,,,,,,,,,,,,,,,,,,,
SNIO,BA0010,CIPÓ,CIPÓ,BA,11° 7' 31'' S,38° 29' 13'' W,223,VFR Diurno, 13/31,1620,27,PCN 4/F/B/Y/U,Asfalto,,,,,,,,,,,,,,,,,,,,,,,,
SNIP,BA0057,ITAPETINGA,ITAPETINGA,BA,15° 14' 40'' S,40° 16' 38'' W,270,VFR Diurno, 11/29,1060,29,PCN 8/F/C/Y/U,Asfalto,,,,,,,,,,,,,,,,,,,,,,,,
SNIT,BA0046,IBOTIRAMA,IBOTIRAMA,BA,12° 9' 52'' S,43° 13' 32'' W,422,VFR Diurno, 16/34,1100,20,PCN 6/F/C/Y/U,Asfalto,,,,,,,,,,,,,,,,,,,,,,,,
SNIU,BA0030,IPIAÚ,IPIAÚ,BA,14° 10' 24'' S,39° 41' 3'' W,132,VFR Diurno, 15/33,1300,20,PCN 6/F/C/Z/U,Asfalto,,,,,,,,,,,,,,,,,,,,,,,,
SNJB,BA0062,JACOBINA,JACOBINA,BA,11° 9' 47'' S,40° 33' 12'' W,489,VFR Diurno, 14/32,900,25,PCN 6/F/C/Y/U,Asfalto,,,,,,,,,,,,,,,,,,,,,,,,
SDIY,BA0013,JOÃO DURVAL CARNEIRO (SBFE*),FEIRA DE SANTANA,BA,12° 12' 2'' S,38° 54' 23'' W,238,VFR Diurno/Noturno, 13/31,1500,30,PCN 30/F/A/X/T,Asfalto,,,,,,,,,,,,,,,,,,,,,,,,
SNJK,BA0047,JEQUIÉ,JEQUIÉ,BA,13° 52' 40'' S,40° 4' 17'' W,197,VFR Diurno, 14/32,1200,29,PCN 8/F/C/Y/U,Asfalto,,,,,,,,,,,,,,,,,,,,,,,,
SNJM,MG0050,ELIAS BREDER,MANHUAÇU,MG,20° 15' 35'' S,42° 11' 2'' W,829,VFR Diurno, 02/20,1170,30,PCN 14/F/B/X/T,Asfalto,,,,,,,,,,,,,,,,,,,,,,,,
SNJN,MG0039,JANUÁRIA,JANUÁRIA,MG,15° 28' 29'' S,44° 23' 11'' W,480,VFR Diurno, 08/26,1200,30,PCN 10/F/B/Y/U,Asfalto,,,,,,,,,,,,,,,,,,,,,,,,
SNJO,PB0002,AEROCLUBE DE JOÃO PESSOA,JOÃO PESSOA,PB,7° 5' 30'' S,34° 50' 31'' W,6,VFR Diurno, 15/33,782,18,"5000 kg / 0,5 MPa",Cascalho,,,,,,,,,,,,,,,,,,,,,,,,
SNJP,MG0036,JOÃO PINHEIRO,JOÃO PINHEIRO,MG,17° 47' 15'' S,46° 7' 12'' W,911,VFR Diurno, 06/24,1300,23,"5670 kg / 0,5 MPa",Asfalto,,,,,,,,,,,,,,,,,,,,,,,,
SNJQ,MG0053,JEQUITINHONHA,JEQUITINHONHA,MG,16° 28' 20'' S,41° 1' 30'' W,260,VFR Diurno, 10/28,1130,23,PCN 6/F/C/Z/U,Asfalto,,,,,,,,,,,,,,,,,,,,,,,,
SNJR,MG0034,PREFEITO OCTÁVIO DE ALMEIDA NEVES,SÃO JOÃO DEL REI,MG,21° 5' 8'' S,44° 13' 31'' W,945,VFR Diurno/Noturno, 08/26,1400,30,PCN 16/F/B/Y/T,Asfalto,,,,,,,,,,,,,,,,,,,,,,,,
SNKC,BA0058,COCOS,COCOS,BA,14° 10' 2'' S,44° 33' 2'' W,613,VFR Diurno, 15/33,1000,20,PCN 6/F/B/Y/U,Piçarra,,,,,,,,,,,,,,,,,,,,,,,,
SNKD,MG0070,CONCEIÇÃO DO MATO DENTRO,CONCEIÇÃO DO MATO DENTRO,MG,19° 1' 13'' S,43° 26' 2'' W,669,VFR Diurno, 15/33,960,23,PCN 8/F/B/X/T,Asfalto,,,,,,,,,,,,,,,,,,,,,,,,
SNKF,MG0071,DAS BANDEIRINHAS,CONSELHEIRO LAFAIETE,MG,20° 44' 19'' S,43° 47' 53'' W,1057,VFR Diurno, 04/22,902,24,PCN 9/F/C/Y/U,Asfalto,,,,,,,,,,,,,,,,,,,,,,,,
SNKI,ES0006,CACHOEIRO DE ITAPEMIRIM,CACHOEIRO DE ITAPEMIRIM,ES,20° 50' 7'' S,41° 11' 11'' W,78,VFR Diurno/Noturno, 06/24,1200,30,PCN 14/F/C/Y/T,Asfalto,,,,,,,,,,,,,,,,,,,,,,,,
SNKK,RN0005,CAICÓ,CAICÓ,RN,6° 26' 21'' S,37° 4' 41'' W,182,VFR Diurno, 14/32,980,30,PCN 12/F/B/Y/U,Asfalto,,,,,,,,,,,,,,,,,,,,,,,,
SNKN,RN0004,CURRAIS NOVOS,CURRAIS NOVOS,RN,6° 16' 51'' S,36° 32' 26'' W,365,VFR Diurno, 10/28,1040,30,PCN 6/F/B/Y/U,Piçarra,,,,,,,,,,,,,,,,,,,,,,,,
SNKR,PI0012,CORRENTE,CORRENTE,PI,10° 27' 7'' S,45° 8' 11'' W,473,VFR Diurno, 11/29,1000,20,"2500 kg / 0,5 MPa",Terra,,,,,,,,,,,,,,,,,,,,,,,,
SNKS,BA0064,SANTA RITA DE CÁSSIA,SANTA RITA DE CÁSSIA,BA,10° 59' 21'' S,44° 30' 55'' W,458,VFR Diurno, 09/27,800,35,PCN 10/F/B/Y/U,Asfalto,,,,,,,,,,,,,,,,,,,,,,,,
SNKU,BA0066,CANUDOS,CANUDOS,BA,9° 54' 11'' S,39° 1' 58'' W,372,VFR Diurno, 14/32,700,22,"2500 kg / 0,5 MPa",Terra,,,,,,,,,,,,,,,,,,,,,,,,
SNLI,MG0040,DOUTOR JOSÉ MOURÃO,ABAETÉ,MG,19° 9' 26'' S,45° 29' 45'' W,664,VFR Diurno, 17/35,1200,30,"5670 kg / 0,63 MPa",Asfalto,,,,,,,,,,,,,,,,,,,,,,,,
SNLN,ES0002,MUNICIPAL DE LINHARES,LINHARES,ES,19° 21' 19'' S,40° 4' 10'' W,40,VFR Diurno/Noturno, 06/24,1350,30,PCN 14/F/A/Y/T,Asfalto,,,,,,,,,,,,,,,,,,,,,,,,
SNLO,MG0037,SÃO LOURENÇO,SÃO LOURENÇO,MG,22° 5' 30'' S,45° 2' 43'' W,875,VFR Diurno, 05/23,1300,30,PCN 14/F/B/X/T,Asfalto,,,,,,,,,,,,,,,,,,,,,,,,
SNLT,PI0010,PAULISTANA,PAULISTANA,PI,8° 9' 59'' S,41° 9' 14'' W,360,VFR Diurno, 07/25,1060,30,"2500 kg / 0,5 MPa",Cascalho,,,,,,,,,,,,,,,,,,,,,,,,
SNMA,PA0019,MONTE ALEGRE,MONTE ALEGRE,PA,1° 59' 48'' S,54° 4' 17'' W,99,VFR Diurno, 10/28,1425,30,PCN 9/F/C/Y/U,Asfalto,,,,,,,,,,,,,,,,,,,,,,,,
SNMC,BA0026,MACAÚBAS,MACAÚBAS,BA,13° 1' 30'' S,42° 40' 20'' W,641,VFR Diurno, 12/30,1318,19,PCN 8/F/C/Y/U,Asfalto,,,,,,,,,,,,,,,,,,,,,,,,
SNMH,GO0018,PIRENÓPOLIS,PIRENÓPOLIS,GO,15° 50' 53'' S,48° 58' 49'' W,785,VFR Diurno, 15/33,1295,30,PCN 18/F/A/Y/T,Asfalto,,,,,,,,,,,,,,,,,,,,,,,,
SNMJ,BA0031,MARACÁS,MARACÁS,BA,13° 23' 10'' S,40° 27' 58'' W,962,VFR Diurno, 07/25,1300,20,"5700 kg / 0,5 MPa",Asfalto,,,,,,,,,,,,,,,,,,,,,,,,
SNMK,MG0017,MOCAMBINHO,JAÍBA,MG,15° 5' 35'' S,43° 58' 45'' W,450,VFR Diurno, 11/29,1531,30,PCN 14/F/A/Y/T,Asfalto,,,,,,,,,,,,,,,,,,,,,,,,
SNMN,MG0075,MINAS NOVAS,MINAS NOVAS,MG,17° 14' 2'' S,42° 35' 2'' W,750,VFR Diurno, 15/33,800,20,"2500 kg / 0,5 MPa",Asfalto,,,,,,,,,,,,,,,,,,,,,,,,
SNMR,BA0065,MARAÚ,MARAÚ,BA,14° 7' 2'' S,38° 59' 2'' W,20,VFR Diurno, 12/30,800,30,"5000 kg / 0,5 MPa",Areia,,,,,,,,,,,,,,,,,,,,,,,,
SNMX,ES0003,SÃO MATEUS,SÃO MATEUS,ES,18° 43' 17'' S,39° 50' 1'' W,30,VFR Diurno/Noturno, 08/26,1350,30,PCN 8/F/C/Y/U,Asfalto,,,,,,,,,,,,,,,,,,,,,,,,
SNMZ,PA0020,PORTO DE MOZ,PORTO DE MOZ,PA,1° 44' 29'' S,52° 14' 9'' W,16,VFR Diurno, 05/23,1270,28,"5700 kg / 0,5 MPa",Asfalto,,,,,,,,,,,,,,,,,,,,,,,,
SNNE,MG0078,SEBASTIÃO CARLOS LEITE,SÃO JOÃO NEPOMUCENO,MG,21° 32' 32'' S,43° 1' 16'' W,403,VFR Diurno, 11/29,620,40,"3000 kg / 0,5 MPa",Saibro,,,,,,,,,,,,,,,,,,,,,,,,
SNNU,MG0041,NANUQUE,NANUQUE,MG,17° 49' 23'' S,40° 19' 47'' W,210,VFR Diurno, 11/29,1220,23,PCN 13/F/C/Y/U,Asfalto,,,,,,,,,,,,,,,,,,,,,,,,
SNOB,CE0013,AERÓDROMO PÚBLICO DE SOBRAL,SOBRAL,CE,3° 40' 44'' S,40° 20' 12'' W,64,VFR Diurno/Noturno, 10/28,1033,30,PCN 8/F/C/Y/U,Asfalto,,,,,,,,,,,,,,,,,,,,,,,,
SNOC,BA0059,MORRO DO CHAPÉU,MORRO DO CHAPÉU,BA,11° 32' 4'' S,41° 10' 47'' W,1100,VFR Diurno, 15/33,1000,25,PCN 7/F/C/Y/U,Cascalho,,,,,,,,,,,,,,,,,,,,,,,,
SNOE,PI0008,OEIRAS,OEIRAS,PI,7° 1' 8'' S,42° 10' 2'' W,250,VFR Diurno, 11/29,1200,40,PCN 8/F/C/Y/U,Terra,,,,,,,,,,,,,,,,,,,,,,,,
SNOF,MG0057,OURO FINO,OURO FINO,MG,22° 17' 51'' S,46° 23' 36'' W,859,VFR Diurno, 06/24,1080,50,"2500 kg / 0,5 MPa",Grama,,,,,,,,,,,,,,,,,,,,,,,,
SNOS,MG0024,MUNICIPAL JOSÉ FIGUEIREDO,PASSOS,MG,20° 44' 0'' S,46° 39' 35'' W,822,VFR Diurno/Noturno, 14/32,1500,30,PCN 19/F/A/Y/T,Asfalto,,,,,,,,,,,,,,,,,,,,,,,,
SNOU,AC0003,NOVO AERÓDROMO DE FEIJÓ,FEIJÓ,AC,8° 8' 29'' S,70° 20' 27'' W,168,VFR Diurno, 03/21,1200,24,"5500 kg / 0,5 MPa",Asfalto,,,,,,,,,,,,,,,,,,,,,,,,
SNOX,PA0014,ORIXIMINÁ,ORIXIMINÁ,PA,1° 42' 49'' S,55° 50' 9'' W,80,VFR Diurno, 17/35,1600,30,PCN 27/F/B/X/U,Asfalto,,,,,,,,,,,,,,,,,,,,,,,,
SNPA,MG0052,PARÁ DE MINAS,PARÁ DE MINAS,MG,19° 50' 33'' S,44° 36' 3'' W,839,VFR Diurno, 12/30,1140,23,PCN 8/F/C/Y/U,Asfalto,,,,,,,,,,,,,,,,,,,,,,,,
SNPC,PI0009,PICOS,PICOS,PI,7° 3' 55'' S,41° 31' 10'' W,320,VFR Diurno, 14/32,1200,24,PCN 8/F/C/Y/U,Asfalto,,,,,,,,,,,,,,,,,,,,,,,,
SNPD,MG0010,PATOS DE MINAS,PATOS DE MINAS,MG,18° 40' 20'' S,46° 29' 29'' W,851,VFR Diurno/Noturno, 09/27,1700,30,PCN 39/F/A/Y/T,Asfalto,,,,,,,,,,,,,,,,,,,,,,,,
SNPI,BA0021,PIATÃ,PIATÃ,BA,13° 9' 56'' S,41° 46' 19'' W,1267,VFR Diurno, 01/19,1350,25,PCN 10/F/C/Y/U,Cascalho,,,,,,,,,,,,,,,,,,,,,,,,
SNPJ,MG0042,PATROCÍNIO,PATROCÍNIO,MG,18° 54' 33'' S,46° 58' 58'' W,985,VFR Diurno, 05/23,1200,30,PCN 14/F/B/Y/T,Asfalto,,,,,,,,,,,,,,,,,,,,,,,,
SNPO,MG0043,TENENTE XAVIER,POMPÉU,MG,19° 12' 12'' S,45° 1' 24'' W,705,VFR Diurno, 15/33,1200,70,"5000 kg / 0,5 MPa",Terra,,,,,,,,,,,,,,,,,,,,,,,,
SNPQ,PE0010,PESQUEIRA,PESQUEIRA,PE,8° 22' 27'' S,36° 38' 16'' W,630,VFR Diurno, 10/28,1000,20,PCN 8/F/C/Y/U,Terra,,,,,,,,,,,,,,,,,,,,,,,,
SBCZ,AC0002,CRUZEIRO DO SUL,CRUZEIRO DO SUL,AC,7° 35' 58'' S,72° 46' 10'' W,194,VFR Diurno/Noturno e IFR Diurno/Noturno, 10/28,2400,45,PCN 32/F/A/X/T,Asfalto,,,,,,,,,,,,,,,,,,,,,,,,
SNPX,MG0028,PIRAPORA,PIRAPORA,MG,17° 19' 1'' S,44° 51' 37'' W,551,VFR Diurno, 10/28,1480,30,"5670 kg / 0,67 MPa",Terra,,,,,,,,,,,,,,,,,,,,,,,,
SNPY,MG0013,SÃO SEBASTIÃO DO PARAÍSO,SÃO SEBASTIÃO DO PARAÍSO,MG,20° 56' 54'' S,46° 58' 59'' W,950,VFR Diurno, 05/23,1600,30,PCN 8/F/C/Y/U,Asfalto,,,,,,,,,,,,,,,,,,,,,,,,
SNQD,PB0006,SOUSA,SOUSA,PB,6° 47' 8'' S,38° 14' 2'' W,272,VFR Diurno, 15/33,1075,30,PCN 13/F/A/Y/U,Asfalto,,,,,,,,,,,,,,,,,,,,,,,,
SNQG,PI0003,CANGAPARA,FLORIANO,PI,6° 50' 45'' S,43° 4' 39'' W,210,VFR Diurno, 16/34,1800,30,PCN 6/F/C/Y/U,Asfalto,,,,,,,,,,,,,,,,,,,,,,,,
SNQU,BA0032,MUCUGÊ,MUCUGÊ,BA,13° 1' 54'' S,41° 26' 40'' W,1056,VFR Diurno, 07/25,1300,19,PCN 6/F/C/Z/U,Asfalto,,,,,,,,,,,,,,,,,,,,,,,,
SNQV,MG0044,CURVELO,CURVELO,MG,18° 44' 58'' S,44° 27' 29'' W,672,VFR Diurno, 09/27,1200,23,"5000 kg / 0,5 MPa",Asfalto,,,,,,,,,,,,,,,,,,,,,,,,
SNQX,CE0010,QUIXADÁ,QUIXADÁ,CE,4° 58' 44'' S,38° 59' 16'' W,225,VFR Diurno, 14/32,1200,30,PCN 17/F/A/X/T,Terra,,,,,,,,,,,,,,,,,,,,,,,,
SNRD,BA0048,PRADO,PRADO,BA,17° 17' 49'' S,39° 16' 19'' W,27,VFR Diurno, 11/29,1081,30,PCN 8/F/C/Y/U,Asfalto,,,,,,,,,,,,,,,,,,,,,,,,
SNRM,BA0022,REMANSO,REMANSO,BA,9° 34' 48'' S,42° 6' 57'' W,405,VFR Diurno, 11/29,1350,30,PCN 8/F/C/Y/U,Asfalto,,,,,,,,,,,,,,,,,,,,,,,,
SNRP,MG0066,RIO PARANAÍBA,RIO PARANAÍBA,MG,19° 12' 45'' S,46° 14' 26'' W,1145,VFR Diurno, 16/34,1000,22,"4000 kg / 0,5 MPa",Terra,,,,,,,,,,,,,,,,,,,,,,,,
SNRU,PE0004,CARUARU,CARUARU,PE,8° 17' 4'' S,36° 0' 39'' W,576,VFR Diurno, 13/31,1800,30,PCN 30/F/A/X/U,Asfalto,,,,,,,,,,,,,,,,,,,,,,,,
SNRX,MA0009,RIACHÃO,RIACHÃO,MA,7° 21' 1'' S,46° 38' 2'' W,400,VFR Diurno, 12/30,1200,40,PCN 6/F/C/Y/U,Terra,,,,,,,,,,,,,,,,,,,,,,,,
SNRZ,MG0049,OLIVEIRA,OLIVEIRA,MG,20° 42' 52'' S,44° 51' 55'' W,982,VFR Diurno/Noturno, 03/21,1180,18,"5700 kg / 0,5 MPa",Asfalto,,,,,,,,,,,,,,,,,,,,,,,,
SNSE,BA0056,SENTO SÉ,SENTO SÉ,BA,9° 45' 27'' S,41° 51' 18'' W,398,VFR Diurno, 15/33,1100,25,PCN 10/F/B/Y/U,Cascalho,,,,,,,,,,,,,,,,,,,,,,,,
SNSG,PE0008,SALGUEIRO,SALGUEIRO,PE,8° 2' 48'' S,39° 8' 2'' W,469,VFR Diurno, 17/35,1300,30,PCN 6/F/B/Y/U,Asfalto,,,,,,,,,,,,,,,,,,,,,,,,
SNSI,MG0076,SANTA MARIA DO SUAÇUÍ,SANTA MARIA DO SUAÇUÍ,MG,18° 11' 55'' S,42° 27' 58'' W,480,VFR Diurno, 03/21,800,35,"2500 kg / 0,5 MPa",Terra,,,,,,,,,,,,,,,,,,,,,,,,
SNSM,PA0029,SALINÓPOLIS,SALINÓPOLIS,PA,0° 41' 49'' S,47° 20' 16'' W,27,VFR Diurno, 09/27,1000,25,"5700 kg / 0,5 MPa",Asfalto,,,,,,,,,,,,,,,,,,,,,,,,
SNSS,MG0029,SALINAS,SALINAS,MG,16° 12' 30'' S,42° 19' 19'' W,763,VFR Diurno, 18/36,1480,30,PCN 8/F/B/Y/T,Asfalto,,,,,,,,,,,,,,,,,,,,,,,,
SNST,BA0049,SOUTO SOARES,SOUTO SOARES,BA,12° 5' 50'' S,41° 38' 26'' W,816,VFR Diurno, 17/35,1200,20,PCN 8/F/C/Y/U,Asfalto,,,,,,,,,,,,,,,,,,,,,,,,
SNSW,PA0025,SOURE,SOURE,PA,0° 41' 52'' S,48° 31' 10'' W,13,VFR Diurno, 06/24,1100,30,"5700 kg / 0,5 MPa",Asfalto,,,,,,,,,,,,,,,,,,,,,,,,
SNTF,BA0016,TEIXEIRA DE FREITAS,TEIXEIRA DE FREITAS,BA,17° 31' 28'' S,39° 40' 6'' W,105,VFR Diurno/Noturno, 11/29,1460,30,PCN 31/F/A/X/T,Asfalto,,,,,,,,,,,,,,,,,,,,,,,,
SNTI,PA0016,ÓBIDOS,ÓBIDOS,PA,1° 52' 5'' S,55° 30' 52'' W,100,VFR Diurno, 10/28,1520,30,PCN 9/F/C/Y/U,Asfalto,,,,,,,,,,,,,,,,,,,,,,,,
SNTM,MG0068,TURMALINA,TURMALINA,MG,17° 14' 2'' S,42° 44' 2'' W,882,VFR Diurno, 01/19,1000,30,"2500 kg / 0,5 MPa",Terra,,,,,,,,,,,,,,,,,,,,,,,,
SNTO,MG0048,JUSCELINO KUBITSCHECK,TEÓFILO OTONI,MG,17° 53' 27'' S,41° 30' 54'' W,480,VFR Diurno/Noturno, 11/29,1190,23,PCN 10/F/B/Y/U,Asfalto,,,,,,,,,,,,,,,,,,,,,,,,
SNTQ,BA0053,BURITIRAMA,BURITIRAMA,BA,10° 43' 18'' S,43° 39' 13'' W,499,VFR Diurno, 11/29,1102,29,"5700 kg / 0,5 MPa",Piçarra,,,,,,,,,,,,,,,,,,,,,,,,
SNTR,BA0036,PIRITIBA,PIRITIBA,BA,11° 44' 17'' S,40° 34' 11'' W,585,VFR Diurno, 10/28,1227,25,PCN 8/F/B/Y/U,Asfalto,,,,,,,,,,,,,,,,,,,,,,,,
SNTS,PB0005,PATOS,PATOS,PB,7° 2' 16'' S,37° 15' 27'' W,265,VFR Diurno/Noturno, 12/30,1600,30,PCN 6/F/C/Y/U,Asfalto,,,,,,,,,,,,,,,,,,,,,,,,
SNTY,BA0051,CORRENTINA,CORRENTINA,BA,13° 22' 48'' S,44° 37' 19'' W,667,VFR Diurno, 12/30,1140,25,PCN 8/F/C/Y/U,Cascalho,,,,,,,,,,,,,,,,,,,,,,,,
SNUB,MG0058,UBÁ,UBÁ,MG,21° 7' 21'' S,42° 52' 56'' W,340,VFR Diurno, 16/34,1080,30,PCN 8/F/C/Y/U,Asfalto,,,,,,,,,,,,,,,,,,,,,,,,
SNUC,RN0003,AÇU,AÇU,RN,5° 35' 42'' S,36° 57' 39'' W,111,VFR Diurno, 11/29,1500,14,PCN 8/F/C/Y/U,Asfalto,,,,,,,,,,,,,,,,,,,,,,,,
SNUH,MG0054,PIUMHI,PIUMHI,MG,20° 26' 20'' S,45° 59' 32'' W,751,VFR Diurno, 07/25,1148,30,PCN 14/F/A/Y/T,Asfalto,,,,,,,,,,,,,,,,,,,,,,,,
SNUI,MG0045,ARAÇUAÍ,ARAÇUAÍ,MG,16° 51' 7'' S,42° 2' 46'' W,360,VFR Diurno, 09/27,1200,30,PCN 10/F/B/Y/T,Asfalto,,,,,,,,,,,,,,,,,,,,,,,,
SNUN,MG0055,UNAÍ,UNAÍ,MG,16° 21' 14'' S,46° 55' 37'' W,609,VFR Diurno, 17/35,1100,30,PCN 10/F/C/X/U,Asfalto,,,,,,,,,,,,,,,,,,,,,,,,
SNUT,BA0017,UTINGA,UTINGA,BA,12° 6' 20'' S,41° 4' 28'' W,598,VFR Diurno, 06/24,1420,20,PCN 8/F/C/Y/U,Asfalto,,,,,,,,,,,,,,,,,,,,,,,,
SNVB,BA0008,VALENÇA,VALENÇA,BA,13° 17' 47'' S,38° 59' 33'' W,5,VFR Diurno/Noturno, 04/22,1800,30,PCN 55/F/B/X/U,Asfalto,,,,,,,,,,,,,,,,,,,,,,,,
SNVC,MG0074,VIÇOSA,VIÇOSA,MG,20° 44' 41'' S,42° 50' 31'' W,659,VFR Diurno, 17/35,900,30,"5000 kg / 0,5 MPa",Asfalto,,,,,,,,,,,,,,,,,,,,,,,,
SNVD,BA0050,SANTA MARIA DA VITÓRIA,SANTA MARIA DA VITÓRIA,BA,13° 24' 17'' S,44° 13' 23'' W,465,VFR Diurno, 10/28,1200,30,PCN 8/F/C/Y/U,Asfalto,,,,,,,,,,,,,,,,,,,,,,,,
SNVI,MG0035,MELLO VIANA,TRÊS CORAÇÕES,MG,21° 47' 21'' S,45° 16' 5'' W,976,VFR Diurno, 04/22,1400,23,PCN 8/F/C/Y/U,Asfalto,,,,,,,,,,,,,,,,,,,,,,,,
SNVS,PA0015,BREVES,BREVES,PA,1° 38' 11'' S,50° 26' 36'' W,30,VFR Diurno, 07/25,1600,30,PCN 27/F/B/X/T,Asfalto,,,,,,,,,,,,,,,,,,,,,,,,
SNWC,CE0011,CAMOCIM,CAMOCIM,CE,2° 53' 45'' S,40° 51' 32'' W,14,VFR Diurno/Noturno, 14/32,1200,30,PCN 14/F/B/Y/U,Asfalto,,,,,,,,,,,,,,,,,,,,,,,,
SNWS,CE0005,CRATEÚS,CRATEÚS,CE,5° 12' 40'' S,40° 42' 15'' W,315,VFR Diurno/Noturno, 08/26,1500,30,PCN 12/F/C/Y/U,Asfalto,,,,,,,,,,,,,,,,,,,,,,,,
SNXB,MG0025,CAXAMBU,CAXAMBU,MG,21° 55' 3'' S,44° 58' 10'' W,865,VFR Diurno/Noturno, 09/27,1500,30,PCN 8/F/C/X/U,Asfalto,,,,,,,,,,,,,,,,,,,,,,,,
SNXQ,BA0018,XIQUE-XIQUE,XIQUE-XIQUE,BA,10° 50' 3'' S,42° 41' 0'' W,427,VFR Diurno, 13/31,1420,20,PCN 8/F/C/Y/U,Asfalto,,,,,,,,,,,,,,,,,,,,,,,,
SNYA,PA0024,ALMEIRIM,ALMEIRIM,PA,1° 28' 45'' S,52° 34' 41'' W,178,VFR Diurno, 06/24,1200,30,PCN 7/F/B/Y/U,Piçarra,,,,,,,,,,,,,,,,,,,,,,,,
SNYB,MG0047,TITO TEIXEIRA,ITUIUTABA,MG,19° 0' 7'' S,49° 29' 14'' W,605,VFR Diurno, 03/21,1200,30,PCN 8/F/B/X/U,Asfalto,,,,,,,,,,,,,,,,,,,,,,,,
SNYE,MA0004,PINHEIRO,PINHEIRO,MA,2° 28' 39'' S,45° 6' 18'' W,20,VFR Diurno, 09/27,1740,30,PCN 29/F/C/X/T,Asfalto,,,,,,,,,,,,,,,,,,,,,,,,
SNYT,BA0014,ITUAÇU,ITUAÇU,BA,13° 49' 43'' S,41° 18' 8'' W,535,VFR Diurno, 03/21,1500,30,PCN 10/F/B/Y/U,Asfalto,,,,,,,,,,,,,,,,,,,,,,,,
SNYU,MG0014,ITURAMA,ITURAMA,MG,19° 43' 2'' S,50° 13' 13'' W,475,VFR Diurno/Noturno, 18/36,1550,30,PCN 10/F/A/Y/T,Asfalto,,,,,,,,,,,,,,,,,,,,,,,,
SNZA,MG0038,POUSO ALEGRE,POUSO ALEGRE,MG,22° 17' 20'' S,45° 55' 10'' W,885,VFR Diurno, 01/19,1220,30,PCN 7/F/B/Y/U,Asfalto,,,,,,,,,,,,,,,,,,,,,,,,
SNZR,MG0026,PEDRO RABELO DE SOUZA,PARACATU,MG,17° 14' 35'' S,46° 52' 53'' W,730,VFR Diurno, 11/29,1500,30,PCN 11/F/C/Y/T,Asfalto,,,,,,,,,,,,,,,,,,,,,,,,
SNZW,BA0063,ITUBERÁ,ITUBERÁ,BA,13° 43' 54'' S,39° 8' 26'' W,7,VFR Diurno, 10/28,850,20,PCN 6/F/B/Y/U,Cascalho,,,,,,,,,,,,,,,,,,,,,,,,
SSAB,PR0024,MOISÉS LUPION,IBAITI,PR,23° 45' 47'' S,50° 15' 53'' W,600,VFR Diurno, 05/23,1200,18,"5700 kg / 0,5 MPa",Asfalto,,,,,,,,,,,,,,,,,,,,,,,,
SSAE,RS0040,ARROIO GRANDE,ARROIO GRANDE,RS,32° 13' 45'' S,53° 3' 21'' W,49,VFR Diurno, 06/24,1000,18,"5700 kg / 0,5 MPa",Terra,,,,,,,,,,,,,,,,,,,,,,,,
SSAK,RS0048,CARLOS RUHL,CRUZ ALTA,RS,28° 39' 28'' S,53° 36' 38'' W,470,VFR Diurno, 04/22,800,60,"2500 kg / 0,5 MPa",Grama,,,,,,,,,,,,,,,,,,,,,,,,
SSAN,PR0032,JOÃO GALDINO,ANDIRÁ,PR,23° 1' 37'' S,50° 13' 42'' W,490,VFR Diurno, 09/27,1000,23,"5600 kg / 0,5 MPa",Asfalto,,,,,,,,,,,,,,,,,,,,,,,,
SSAP,PR0014,CAPITÃO JOÃO BUSSE,APUCARANA,PR,23° 36' 44'' S,51° 23' 6'' W,800,VFR Diurno/Noturno, 10/28,1400,30,PCN 9/F/C/Y/U,Asfalto,,,,,,,,,,,,,,,,,,,,,,,,
SSAQ,RS0036,AEROCLUBE DE PASSO FUNDO,PASSO FUNDO,RS,28° 15' 2'' S,52° 31' 0'' W,600,VFR Diurno, 15/33,1080,35,"5700 kg / 0,5 MPa",Grama,,,,,,,,,,,,,,,,,,,,,,,,
SSBL,SC0019,BLUMENAU,BLUMENAU,SC,26° 49' 58'' S,49° 5' 37'' W,18,VFR Diurno, 18/36,1080,30,PCN 17/F/C/Y/U,Asfalto,,,,,,,,,,,,,,,,,,,,,,,,
SSBN,RS0002,BELÉM NOVO,PORTO ALEGRE,RS,30° 11' 21'' S,51° 10' 57'' W,5,VFR Diurno, 09/27,1103,23,"5700 kg / 0,5 MPa",Asfalto,,,,,,,,,,,,,,,,,,,,,,,,
SSBR,PR0022,YARA,BANDEIRANTES,PR,23° 4' 22'' S,50° 25' 23'' W,402,VFR Diurno, 14/32,1300,100,PCN 8/F/C/Y/U,Cascalho,,,,,,,,,,,,,,,,,,,,,,,,
SSBV,MS0011,BELA VISTA,BELA VISTA,MS,22° 4' 56'' S,56° 32' 18'' W,235,VFR Diurno, 03/21,1300,23,PCN 10/F/B/Y/T,Terra,,,,,,,,,,,,,,,,,,,,,,,,
SSCB,SP0044,MUNICIPAL DE CASA BRANCA,CASA BRANCA,SP,21° 47' 17'' S,47° 3' 20'' W,712,VFR Diurno, 09/27,1154,20,"5700 kg / 0,5 MPa",Terra,,,,,,,,,,,,,,,,,,,,,,,,
SSCD,MS0007,CHAPADÃO DO SUL,CHAPADÃO DO SUL,MS,18° 50' 21'' S,52° 29' 17'' W,817,VFR Diurno/Noturno, 05/23,2000,30,PCN 30/F/C/X/T,Asfalto,,,,,,,,,,,,,,,,,,,,,,,,
SSCI,MS0012,COXIM,COXIM,MS,18° 28' 53'' S,54° 42' 57'' W,292,VFR Diurno, 02/20,1300,23,PCN 13/F/A/X/T,Asfalto,,,,,,,,,,,,,,,,,,,,,,,,
SSCK,SC0010,OLAVO CECCO RIGON,CONCÓRDIA,SC,27° 10' 50'' S,52° 3' 4'' W,750,VFR Diurno/Noturno, 14/32,1480,18,PCN 12/F/B/Y/U,Asfalto,,,,,,,,,,,,,,,,,,,,,,,,
SNPU,MG0073,PARAGUAÇU,PARAGUAÇU,MG,21° 33' 41'' S,45° 45' 17'' W,898,VFR Diurno, 07/25,900,30,PCN 8/F/C/Y/U,Terra,,,,,,,,,,,,,,,,,,,,,,,,
SSCN,RS0019,CANELA,CANELA,RS,29° 22' 14'' S,50° 49' 56'' W,837,VFR Diurno/Noturno, 06/24,1260,18,PCN 21/F/B/Y/T,Asfalto,,,,,,,,,,,,,,,,,,,,,,,,
SSCP,PR0015,FRANCISCO LACERDA JÚNIOR,CORNÉLIO PROCÓPIO,PR,23° 9' 9'' S,50° 36' 9'' W,567,VFR Diurno, 06/24,1400,30,PCN 8/F/C/Y/U,Asfalto,,,,,,,,,,,,,,,,,,,,,,,,
SSCR,PR0016,RUBEN BERTA,MARECHAL CÂNDIDO RONDON,PR,24° 30' 46'' S,54° 3' 14'' W,525,VFR Diurno, 01/19,1400,30,PCN 10/F/C/Y/U,Asfalto,,,,,,,,,,,,,,,,,,,,,,,,
SSCT,PR0025,ENGENHEIRO GASTÃO DE MESQUITA FILHO,CIANORTE,PR,23° 41' 30'' S,52° 38' 32'' W,539,VFR Diurno/Noturno, 04/22,1200,23,"5700 kg / 0,62 MPa",Asfalto,,,,,,,,,,,,,,,,,,,,,,,,
SSEE,RS0054,REGIONAL DO VALE DO TAQUARI,ESTRELA,RS,29° 27' 12'' S,51° 56' 3'' W,32,VFR Diurno, 06/24,570,18,"4000 kg / 0,5 MPa",Grama,,,,,,,,,,,,,,,,,,,,,,,,
SSEP,RS0031,SÃO SEPÉ,SÃO SEPÉ,RS,30° 10' 56'' S,53° 34' 46'' W,153,VFR Diurno, 14/32,1140,18,"5700 kg / 0,62 MPa",Terra,,,,,,,,,,,,,,,,,,,,,,,,
SSER,RS0018,ERECHIM,ERECHIM,RS,27° 39' 36'' S,52° 16' 34'' W,761,VFR Diurno/Noturno, 14/32,1280,30,PCN 11/F/B/X/U,Asfalto,,,,,,,,,,,,,,,,,,,,,,,,
SSEZ,RS0050,ESPUMOSO,ESPUMOSO,RS,28° 44' 17'' S,52° 51' 20'' W,390,VFR Diurno, 08/26,713,18,"2000 kg / 0,5 MPa",Grama,,,,,,,,,,,,,,,,,,,,,,,,
SSFB,PR0021,PAULO ABDALA,FRANCISCO BELTRÃO,PR,26° 3' 32'' S,53° 3' 48'' W,640,VFR Diurno/Noturno, 07/25,1340,30,PCN 11/F/C/Y/U,Asfalto,,,,,,,,,,,,,,,,,,,,,,,,
SSFL,PI0006,JOÃO PEREIRA DOS SANTOS FILHO,FRONTEIRAS,PI,7° 6' 0'' S,40° 37' 42'' W,448,VFR Diurno/Noturno, 11/29,1500,25,PCN 7/F/A/Y/T,Asfalto,,,,,,,,,,,,,,,,,,,,,,,,
SSGA,RS0020,GARIBALDI,GARIBALDI,RS,29° 16' 6'' S,51° 31' 56'' W,680,VFR Diurno, 15/33,1200,30,PCN 8/F/C/Y/U,Asfalto,,,,,,,,,,,,,,,,,,,,,,,,
SSGB,PR0035,MUNICIPAL DE GUARATUBA,GUARATUBA,PR,25° 52' 50'' S,48° 36' 44'' W,15,VFR Diurno, 01/19,990,18,"2500 kg / 0,5 MPa",Asfalto,,,,,,,,,,,,,,,,,,,,,,,,
SSGW,PR0037,MANOEL RIBAS,GOIOERÊ,PR,24° 13' 11'' S,53° 2' 38'' W,491,VFR Diurno, 05/23,799,18,PCN 8/F/B/Y/U,Asfalto,,,,,,,,,,,,,,,,,,,,,,,,
SSGY,PR0023,GUAÍRA,GUAÍRA,PR,24° 4' 47'' S,54° 11' 17'' W,271,VFR Diurno, 07/25,1300,30,PCN 13/F/C/Y/U,Asfalto,,,,,,,,,,,,,,,,,,,,,,,,
SSHZ,RS0037,WALTER BÜNDCHEN,HORIZONTINA,RS,27° 38' 18'' S,54° 20' 20'' W,310,VFR Diurno, 16/34,1050,18,PCN 6/F/C/Y/U,Asfalto,,,,,,,,,,,,,,,,,,,,,,,,
SSIE,MS0002,TERUEL IPANEMA ESTÂNCIA,CAMPO GRANDE,MS,20° 36' 14'' S,54° 35' 43'' W,528,VFR Diurno, 06/24,1500,30,"5700 kg / 0,5 MPa",Cascalho,,,,,,,,,,,,,,,,,,,,,,,,
SSIJ,RS0032,IJUÍ,IJUÍ,RS,28° 22' 7'' S,53° 50' 47'' W,365,VFR Diurno/Noturno, 18/36,1280,23,PCN 8/F/C/Y/U,Asfalto,,,,,,,,,,,,,,,,,,,,,,,,
SSIQ,RS0045,ITAQUI,ITAQUI,RS,29° 10' 19'' S,56° 32' 18'' W,84,VFR Diurno, 15/33,966,23,"1800 kg / 0,5 MPa",Grama,,,,,,,,,,,,,,,,,,,,,,,,
SSIR,RS0049,IBIRUBÁ,IBIRUBÁ,RS,28° 36' 15'' S,53° 4' 43'' W,457,VFR Diurno, 11/29,760,18,"5000 kg / 0,5 MPa",Grama,,,,,,,,,,,,,,,,,,,,,,,,
SSJA,SC0014,SANTA TEREZINHA,JOAÇABA,SC,27° 10' 22'' S,51° 33' 6'' W,776,VFR Diurno/Noturno, 15/33,1260,18,PCN 10/F/C/Y/U,Asfalto,,,,,,,,,,,,,,,,,,,,,,,,
SSJI,MS0019,JARDIM,JARDIM,MS,21° 29' 34'' S,56° 9' 10'' W,321,VFR Diurno, 18/36,950,18,PCN 8/F/C/Y/U,Asfalto,,,,,,,,,,,,,,,,,,,,,,,,
SSJK,RS0028,JÚLIO DE CASTILHOS,JÚLIO DE CASTILHOS,RS,29° 9' 11'' S,53° 44' 36'' W,498,VFR Diurno, 12/30,1190,30,PCN 8/F/C/Y/U,Grama,,,,,,,,,,,,,,,,,,,,,,,,
SSKG,MS0003,ESTÂNCIA SANTA MARIA,CAMPO GRANDE,MS,20° 30' 20'' S,54° 31' 29'' W,618,VFR Diurno, 06/24,1500,23,"5600 kg / 0,5 MPa",Asfalto,,,,,,,,,,,,,,,,,,,,,,,,
SSKK,RS0052,CAPÃO DA CANOA,CAPÃO DA CANOA,RS,29° 45' 49'' S,50° 2' 13'' W,10,VFR Diurno, 08/26,700,27,"2500 kg / 0,5 MPa",Grama,,,,,,,,,,,,,,,,,,,,,,,,
SSKM,PR0017,CAMPO MOURÃO,CAMPO MOURÃO,PR,24° 0' 9'' S,52° 21' 25'' W,574,VFR Diurno/Noturno, 02/20,1370,30,PCN 14/F/C/Y/U,Asfalto,,,,,,,,,,,,,,,,,,,,,,,,
SSKS,RS0039,CACHOEIRA DO SUL,CACHOEIRA DO SUL,RS,30° 0' 8'' S,52° 56' 25'' W,77,VFR Diurno, 12/30,1020,18,PCN 10/F/B/X/T,Asfalto,,,,,,,,,,,,,,,,,,,,,,,,
SSKU,SC0016,LAURO ANTÔNIO DA COSTA,CURITIBANOS,SC,27° 17' 14'' S,50° 36' 14'' W,978,VFR Diurno/Noturno, 11/29,1400,30,PCN 22/F/A/Y/T,Asfalto,,,,,,,,,,,,,,,,,,,,,,,,
SSKW,RO0004,CACOAL,CACOAL,RO,11° 29' 44'' S,61° 27' 3'' W,249,VFR Diurno/Noturno, 16/34,2100,45,PCN 31/F/A/X/T,Asfalto,,,,,,,,,,,,,,,,,,,,,,,,
SSKZ,RS0009,CARAZINHO,CARAZINHO,RS,28° 19' 17'' S,52° 48' 56'' W,565,VFR Diurno/Noturno, 11/29,1560,30,PCN 12/F/B/Y/T,Asfalto,,,,,,,,,,,,,,,,,,,,,,,,
SSLG,RS0021,SÃO LUIZ GONZAGA,SÃO LUIZ GONZAGA,RS,28° 22' 35'' S,55° 2' 15'' W,200,VFR Diurno, 06/24,1200,60,PCN 8/F/C/Y/U,Saibro,,,,,,,,,,,,,,,,,,,,,,,,
SSLN,SC0018,LONTRAS,LONTRAS,SC,27° 9' 35'' S,49° 32' 34'' W,334,VFR Diurno, 07/25,1100,23,PCN 10/F/C/Y/U,Asfalto,,,,,,,,,,,,,,,,,,,,,,,,
SSLO,PR0031,ATTILLIO ACCORSI,LOANDA,PR,22° 55' 4'' S,53° 8' 59'' W,470,VFR Diurno, 05/23,1100,23,PCN 14/F/C/Y/U,Asfalto,,,,,,,,,,,,,,,,,,,,,,,,
SSLS,BA0035,RUY BARBOSA,RUY BARBOSA,BA,12° 16' 17'' S,40° 31' 50'' W,404,VFR Diurno, 13/31,1268,22,"5700 kg / 0,6 MPa",Asfalto,,,,,,,,,,,,,,,,,,,,,,,,
SSLT,RS0022,GAUDÊNCIO MACHADO RAMOS,ALEGRETE,RS,29° 48' 45'' S,55° 53' 36'' W,140,VFR Diurno, 14/32,1200,18,PCN 6/F/B/X/T,Asfalto,,,,,,,,,,,,,,,,,,,,,,,,
SSMJ,MS0020,MARACAJU,MARACAJU,MS,21° 38' 2'' S,55° 8' 42'' W,390,VFR Diurno, 01/19,800,30,"5600 kg / 0,5 MPa",Grama,,,,,,,,,,,,,,,,,,,,,,,,
SSMR,PR0026,MANOEL RIBAS,MANOEL RIBAS,PR,24° 31' 46'' S,51° 39' 6'' W,886,VFR Diurno, 17/35,1200,30,PCN 12/F/C/Y/U,Asfalto,,,,,,,,,,,,,,,,,,,,,,,,
SSMT,RS0044,MOSTARDAS,MOSTARDAS,RS,31° 6' 15'' S,50° 54' 44'' W,18,VFR Diurno, 05/23,975,18,"5700 kg / 0,5 MPa",Asfalto,,,,,,,,,,,,,,,,,,,,,,,,
SSNB,MS0015,ARIOSTO DA RIVA,NAVIRAÍ,MS,23° 2' 29'' S,54° 11' 6'' W,405,VFR Diurno, 09/27,1200,23,PCN 10/F/B/Y/T,Asfalto,,,,,,,,,,,,,,,,,,,,,,,,
SSNG,RS0046,MONTENEGRO,MONTENEGRO,RS,29° 43' 11'' S,51° 29' 20'' W,24,VFR Diurno, 13/31,920,23,"5700 kg / 0,5 MPa",Grama,,,,,,,,,,,,,,,,,,,,,,,,
SSNH,RS0023,NOVO HAMBURGO,NOVO HAMBURGO,RS,29° 41' 57'' S,51° 4' 55'' W,15,VFR Diurno, 02/20,870,30,"5700 kg / 0,5 MPa",Grama,,,,,,,,,,,,,,,,,,,,,,,,
SSNP,RS0041,NOVA PRATA,NOVA PRATA,RS,28° 48' 9'' S,51° 36' 15'' W,690,VFR Diurno, 13/31,1000,30,PCN 5/F/B/Y/U,Terra,,,,,,,,,,,,,,,,,,,,,,,,
SSNQ,MS0016,NIOAQUE,NIOAQUE,MS,21° 11' 5'' S,55° 49' 49'' W,300,VFR Diurno, 18/36,1200,60,PCN 8/F/C/Y/U,Grama,,,,,,,,,,,,,,,,,,,,,,,,
SSOE,SC0015,HÉLIO WASUM,SÃO MIGUEL DO OESTE,SC,26° 46' 52'' S,53° 30' 12'' W,665,VFR Diurno/Noturno, 17/35,1260,18,PCN 11/F/A/Y/T,Asfalto,,,,,,,,,,,,,,,,,,,,,,,,
SSOG,PR0027,ARAPONGAS,ARAPONGAS,PR,23° 21' 21'' S,51° 29' 27'' W,792,VFR Diurno/Noturno, 16/34,1200,23,PCN 6/F/B/Y/U,Asfalto,,,,,,,,,,,,,,,,,,,,,,,,
SSOI,SP0043,PEDERNEIRAS,PEDERNEIRAS,SP,22° 18' 23'' S,48° 46' 26'' W,536,VFR Diurno, 15/33,1165,25,"5600 kg / 0,5 MPa",Terra,,,,,,,,,,,,,,,,,,,,,,,,
SSOL,MG0027,LAVRAS,LAVRAS,MG,21° 14' 38'' S,44° 58' 10'' W,959,VFR Diurno/Noturno, 05/23,1500,30,PCN 12/F/C/Y/T,Asfalto,,,,,,,,,,,,,,,,,,,,,,,,
SSOS,RS0042,OSÓRIO,OSÓRIO,RS,29° 54' 8'' S,50° 15' 2'' W,12,VFR Diurno, 10/28,1000,40,PCN 8/F/C/Y/U,Areia,,,,,,,,,,,,,,,,,,,,,,,,
SBPO,PR0018,JUVENAL LOUREIRO CARDOSO,PATO BRANCO,PR,26° 13' 2'' S,52° 41' 40'' W,823,VFR Diurno/Noturno e IFR Diurno/Noturno, 07/25,1317,30,PCN 50/F/A/X/T,Asfalto,,,,,,,,,,,,,,,,,,,,,,,,
SSPG,PR0011,SANTOS DUMONT,PARANAGUÁ,PR,25° 32' 26'' S,48° 31' 52'' W,5,VFR Diurno, 06/24,1455,30,PCN 16/F/C/Y/U,Asfalto,,,,,,,,,,,,,,,,,,,,,,,,
SSPI,PR0010,EDU CHAVES,PARANAVAÍ,PR,23° 5' 24'' S,52° 29' 19'' W,474,VFR Diurno, 13/31,1500,30,PCN 13/F/C/Y/U,Asfalto,,,,,,,,,,,,,,,,,,,,,,,,
SSPL,RS0043,PALMEIRA DAS MISSÕES,PALMEIRA DAS MISSÕES,RS,27° 54' 6'' S,53° 19' 44'' W,635,VFR Diurno, 05/23,1000,18,PCN 4/F/A/Y/U,Asfalto,,,,,,,,,,,,,,,,,,,,,,,,
SSPM,MS0013,PORTO MURTINHO,PORTO MURTINHO,MS,21° 42' 46'' S,57° 52' 45'' W,81,VFR Diurno, 18/36,1300,30,PCN 15/F/B/X/T,Asfalto,,,,,,,,,,,,,,,,,,,,,,,,
SSPN,MS0010,PARANAÍBA,PARANAÍBA,MS,19° 39' 4'' S,51° 11' 58'' W,442,VFR Diurno, 14/32,1320,23,PCN 12/F/A/Y/T,Asfalto,,,,,,,,,,,,,,,,,,,,,,,,
SSPS,PR0036,DIMORVAN CARRARO,PALMAS,PR,26° 28' 20'' S,51° 58' 32'' W,1100,VFR Diurno, 03/21,1050,23,PCN 19/F/C/Y/U,Asfalto,,,,,,,,,,,,,,,,,,,,,,,,
SSPT,PR0028,BRASÍLIO MARQUES,PALOTINA,PR,24° 20' 36'' S,53° 49' 43'' W,373,VFR Diurno, 03/21,1100,18,"5700 kg / 0,5 MPa",Asfalto,,,,,,,,,,,,,,,,,,,,,,,,
SSQC,PR0029,AGUINALDO PEREIRA LIMA,SIQUEIRA CAMPOS,PR,23° 40' 28'' S,49° 49' 8'' W,705,VFR Diurno, 07/25,1200,23,"5700 kg / 0,5 MPa",Asfalto,,,,,,,,,,,,,,,,,,,,,,,,
SSQP,BA0061,MONTE SANTO,MONTE SANTO,BA,10° 27' 55'' S,39° 17' 10'' W,443,VFR Diurno, 17/35,1000,30,"5700 kg / 0,5 MPa",Piçarra,,,,,,,,,,,,,,,,,,,,,,,,
SSQT,PR0013,MAJOR NEODO S. PEREIRA,CASTRO,PR,24° 48' 27'' S,49° 57' 37'' W,1010,VFR Diurno, 05/23,1420,30,"2500 kg / 0,5 MPa",Terra,,,,,,,,,,,,,,,,,,,,,,,,
SSQZ,BA0033,LUÍS EDUARDO MAGALHÃES,LUÍS EDUARDO MAGALHÃES,BA,12° 6' 23'' S,45° 53' 42'' W,775,VFR Diurno, 10/28,1300,28,PCN 10/F/B/Y/U,Asfalto,,,,,,,,,,,,,,,,,,,,,,,,
SSRE,PR0030,REALEZA,REALEZA,PR,25° 48' 4'' S,53° 30' 47'' W,501,VFR Diurno, 06/24,1200,18,PCN 6/F/B/Y/T,Asfalto,,,,,,,,,,,,,,,,,,,,,,,,
SSRF,BA0034,CASTRO ALVES,CASTRO ALVES,BA,12° 45' 57'' S,39° 27' 4'' W,261,VFR Diurno, 13/31,1300,21,PCN 8/F/C/Y/U,Cascalho,,,,,,,,,,,,,,,,,,,,,,,,
SSRG,SP0030,AEROPORTO ESTADUAL DE REGISTRO,REGISTRO,SP,24° 31' 54'' S,47° 50' 25'' W,25,VFR Diurno, 10/28,1430,30,PCN 30/F/B/X/T,Asfalto,,,,,,,,,,,,,,,,,,,,,,,,
SSRK,BA0015,CAMPO ALEGRE DE LOURDES,CAMPO ALEGRE DE LOURDES,BA,9° 30' 49'' S,42° 59' 45'' W,489,VFR Diurno, 11/29,1500,21,PCN 8/F/B/Y/U,Asfalto,,,,,,,,,,,,,,,,,,,,,,,,
SSRS,MA0008,BARREIRINHAS,BARREIRINHAS,MA,2° 45' 24'' S,42° 48' 16'' W,4,VFR Diurno, 11/29,1500,30,PCN 71/F/A/Y/T,Asfalto,,,,,,,,,,,,,,,,,,,,,,,,
SSRU,RS0034,SÃO LOURENÇO DO SUL,SÃO LOURENÇO DO SUL,RS,31° 23' 5'' S,52° 1' 57'' W,27,VFR Diurno, 03/21,1055,18,"5700 kg / 0,5 MPa",Saibro,,,,,,,,,,,,,,,,,,,,,,,,
SSRZ,RS0024,DÁRIO BRASIL CAPOANO DE OLIVEIRA,ROSÁRIO DO SUL,RS,30° 16' 39'' S,54° 55' 31'' W,102,VFR Diurno, 10/28,1000,20,"5700 kg / 0,5 MPa",Saibro,,,,,,,,,,,,,,,,,,,,,,,,
SSSB,RS0014,SÃO BORJA,SÃO BORJA,RS,28° 39' 17'' S,56° 2' 5'' W,80,VFR Diurno, 07/25,1500,30,PCN 17/F/C/Y/U,Asfalto,,,,,,,,,,,,,,,,,,,,,,,,
SSSC,RS0029,SANTA CRUZ DO SUL,SANTA CRUZ DO SUL,RS,29° 41' 3'' S,52° 24' 44'' W,199,VFR Diurno, 08/26,1180,18,PCN 8/F/C/Y/U,Asfalto,,,,,,,,,,,,,,,,,,,,,,,,
SSSD,RS0017,SOLEDADE,SOLEDADE,RS,28° 51' 48'' S,52° 32' 26'' W,673,VFR Diurno, 17/35,1199,23,5700 kg / 1 MPa,Grama,,,,,,,,,,,,,,,,,,,,,,,,
SSSG,RS0035,SÃO GABRIEL,SÃO GABRIEL,RS,30° 20' 42'' S,54° 16' 4'' W,144,VFR Diurno, 05/23,1100,100,PCN 8/F/C/Y/U,Terra,,,,,,,,,,,,,,,,,,,,,,,,
SSSS,SC0022,SÃO FRANCISCO DO SUL,SÃO FRANCISCO DO SUL,SC,26° 13' 16'' S,48° 33' 52'' W,15,VFR Diurno, 18/36,700,35,"2500 kg / 0,5 MPa",Grama,,,,,,,,,,,,,,,,,,,,,,,,
SSST,RS0015,SANTIAGO,SANTIAGO,RS,29° 12' 54'' S,54° 50' 32'' W,445,VFR Diurno, 17/35,1340,60,PCN 8/F/C/Y/U,Terra,,,,,,,,,,,,,,,,,,,,,,,,
SSSZ,PR0033,SERTANÓPOLIS,SERTANÓPOLIS,PR,23° 3' 43'' S,51° 0' 50'' W,361,VFR Diurno, 10/28,1000,30,"5700 kg / 0,5 MPa",Grama,,,,,,,,,,,,,,,,,,,,,,,,
SSTB,SC0013,TRÊS BARRAS,TRÊS BARRAS,SC,26° 7' 58'' S,50° 18' 35'' W,780,VFR Diurno, 03/21,1370,18,"5000 kg / 0,5 MPa",Asfalto,,,,,,,,,,,,,,,,,,,,,,,,
SSUM,PR0019,ORLANDO DE CARVALHO,UMUARAMA,PR,23° 47' 57'' S,53° 18' 50'' W,475,VFR Diurno/Noturno, 04/22,1400,30,PCN 14/F/C/Y/U,Asfalto,,,,,,,,,,,,,,,,,,,,,,,,
SSUV,PR0034,JOSÉ CLETO,UNIÃO DA VITÓRIA,PR,26° 13' 54'' S,51° 4' 8'' W,752,VFR Diurno, 16/34,1000,30,PCN 14/F/C/Y/U,Asfalto,,,,,,,,,,,,,,,,,,,,,,,,
SBVC,BA0005,GLAUBER DE ANDRADE ROCHA,VITÓRIA DA CONQUISTA,BA,14° 54' 28'' S,40° 54' 53'' W,896,VFR Diurno/Noturno e IFR Diurno/Noturno, 15/33,2100,45,PCN 44/F/B/X/T,Asfalto,,,,,,,,,,,,,,,,,,,,,,,,
SSVI,SC0011,ÂNGELO PONZONI,VIDEIRA,SC,26° 59' 59'' S,51° 8' 29'' W,840,VFR Diurno, 10/28,1400,23,PCN 11/F/A/Y/T,Asfalto,,,,,,,,,,,,,,,,,,,,,,,,
SSVL,PR0007,TELÊMACO BORBA (SBTL*),TELÊMACO BORBA,PR,24° 18' 59'' S,50° 39' 8'' W,796,VFR Diurno, 02/20,1800,30,PCN 24/F/B/X/T,Asfalto,,,,,,,,,,,,,,,,,,,,,,,,
SSVN,RS0030,VERANÓPOLIS,VERANÓPOLIS,RS,28° 56' 8'' S,51° 34' 4'' W,676,VFR Diurno, 12/30,1000,18,"3700 kg / 0,5 MPa",Saibro,,,,,,,,,,,,,,,,,,,,,,,,
SBJE,CE0003,COMANDANTE ARISTON PESSOA,CRUZ,CE,2° 54' 24'' S,40° 21' 29'' W,27,VFR Diurno/Noturno e IFR Diurno/Noturno, 08/26,2200,45,PCN 62/F/B/W/T,Asfalto,,,,,,,,,,,,,,,,,,,,,,,,
SSWS,RS0025,CAÇAPAVA DO SUL,CAÇAPAVA DO SUL,RS,30° 32' 58'' S,53° 27' 33'' W,400,VFR Diurno, 08/26,1200,60,PCN 8/F/C/Y/U,Terra,,,,,,,,,,,,,,,,,,,,,,,,
SSXD,RS0026,TOBIAS BACCI,SARANDI,RS,27° 58' 50'' S,52° 51' 52'' W,620,VFR Diurno, 14/32,1200,60,PCN 8/F/C/Y/U,Terra,,,,,,,,,,,,,,,,,,,,,,,,
SSXX,SC0017,MUNICIPAL JOÃO WINCKLER,XANXERÊ,SC,26° 52' 32'' S,52° 22' 23'' W,910,VFR Diurno/Noturno, 18/36,1149,18,PCN 8/F/A/Y/T,Asfalto,,,,,,,,,,,,,,,,,,,,,,,,
SSZR,RS0027,LUIS ALBERTO LEHR,SANTA ROSA,RS,27° 54' 32'' S,54° 31' 20'' W,309,VFR Diurno/Noturno, 07/25,1200,30,PCN 8/F/A/Y/T,Asfalto,,,,,,,,,,,,,,,,,,,,,,,,
SBPG,PR0012,COMANDANTE ANTÔNIO AMILTON BERALDO,PONTA GROSSA,PR,25° 11' 4'' S,50° 8' 38'' W,789,VFR Diurno/Noturno e IFR Diurno/Noturno, 08/26,1430,30,PCN 33/F/C/X/U,Asfalto,,,,,,,,,,,,,,,,,,,,,,,,
SWBC,AM0017,BARCELOS,BARCELOS,AM,0° 58' 51'' S,62° 55' 8'' W,34,VFR Diurno, 09/27,1200,30,PCN 6/F/B/Y/U,Asfalto,,,,,,,,,,,,,,,,,,,,,,,,
SWBE,CE0006,WALFRIDO SAMITO DE ALMEIDA,SÃO BENEDITO,CE,4° 3' 0'' S,40° 53' 0'' W,884,VFR Diurno/Noturno, 10/28,1500,30,PCN 12/F/B/Y/T,Asfalto,,,,,,,,,,,,,,,,,,,,,,,,
SWBG,MT0009,ANDRÉ ANTÔNIO MAGGI,PONTES E LACERDA,MT,15° 11' 36'' S,59° 23' 7'' W,247,VFR Diurno, 01/19,1500,30,PCN 8/F/B/Y/T,Asfalto,,,,,,,,,,,,,,,,,,,,,,,,
SWBR,AM0018,BORBA,BORBA,AM,4° 24' 31'' S,59° 35' 52'' W,90,VFR Diurno, 12/30,1200,30,PCN 8/F/C/Y/U,Asfalto,,,,,,,,,,,,,,,,,,,,,,,,
SWCA,AM0007,CARAUARI,CARAUARI,AM,4° 52' 17'' S,66° 53' 51'' W,108,VFR Diurno, 04/22,1665,18,PCN 12/F/C/Y/T,Asfalto,,,,,,,,,,,,,,,,,,,,,,,,
SWCB,GO0023,CAMPOS BELOS,CAMPOS BELOS,GO,13° 0' 32'' S,46° 46' 29'' W,670,VFR Diurno, 11/29,1200,20,"2500 kg / 0,5 MPa",Terra,,,,,,,,,,,,,,,,,,,,,,,,
SWCQ,RO0007,COSTA MARQUES,COSTA MARQUES,RO,12° 25' 18'' S,64° 15' 6'' W,169,VFR Diurno, 01/19,1495,20,PCN 8/F/B/Y/T,Asfalto,,,,,,,,,,,,,,,,,,,,,,,,
SWCZ,GO0024,CERES,CERES,GO,15° 20' 41'' S,49° 36' 17'' W,598,VFR Diurno, 15/33,1200,23,"2500 kg / 0,5 MPa",Asfalto,,,,,,,,,,,,,,,,,,,,,,,,
SWDM,MT0015,DIAMANTINO,DIAMANTINO,MT,14° 22' 37'' S,56° 24' 2'' W,450,VFR Diurno, 15/33,1480,18,PCN 13/F/C/Y/U,Asfalto,,,,,,,,,,,,,,,,,,,,,,,,
SWDN,TO0006,DIANÓPOLIS,DIANÓPOLIS,TO,11° 35' 43'' S,46° 50' 52'' W,730,VFR Diurno, 10/28,1500,30,PCN 12/F/B/X/T,Asfalto,,,,,,,,,,,,,,,,,,,,,,,,
SWEI,AM0009,EIRUNEPÉ,EIRUNEPÉ,AM,6° 38' 15'' S,69° 52' 59'' W,122,VFR Diurno, 16/34,2300,45,PCN 30/F/C/X/U,Asfalto,,,,,,,,,,,,,,,,,,,,,,,,
SWEK,MT0024,CANARANA,CANARANA,MT,13° 34' 28'' S,52° 16' 14'' W,400,VFR Diurno, 18/36,1040,27,"5700 kg / 0,5 MPa",Terra,,,,,,,,,,,,,,,,,,,,,,,,
SWFN,AM0002,FLORES,MANAUS,AM,3° 4' 22'' S,60° 1' 16'' W,62,VFR Diurno, 11/29,830,30,"5700 kg / 0,5 MPa",Asfalto,,,,,,,,,,,,,,,,,,,,,,,,
SWFR,GO0014,FORMOSA,FORMOSA,GO,15° 33' 22'' S,47° 20' 43'' W,965,VFR Diurno, 05/23,1400,30,"5700 kg / 0,5 MPa",Asfalto,,,,,,,,,,,,,,,,,,,,,,,,
SWFX,MT0022,SÃO FÉLIX DO ARAGUAIA,SÃO FÉLIX DO ARAGUAIA,MT,11° 37' 55'' S,50° 41' 18'' W,198,VFR Diurno, 12/30,1100,25,PCN 10/F/C/Y/U,Terra,,,,,,,,,,,,,,,,,,,,,,,,
SWGI,TO0004,GURUPI,GURUPI,TO,11° 44' 22'' S,49° 8' 0'' W,350,VFR Diurno/Noturno, 12/30,1730,30,PCN 10/F/B/X/T,Asfalto,,,,,,,,,,,,,,,,,,,,,,,,
SWGN,TO0002,ARAGUAÍNA,ARAGUAÍNA,TO,7° 13' 42'' S,48° 14' 27'' W,235,VFR Diurno/Noturno, 09/27,1804,45,PCN 44/F/C/X/U,Asfalto,,,,,,,,,,,,,,,,,,,,,,,,
SWHP,MT0006,OLHOS D'ÁGUA,ÁGUA BOA,MT,14° 1' 10'' S,52° 9' 8'' W,459,VFR Diurno/Noturno, 03/21,1627,18,"5700 kg / 0,5 MPa",Asfalto,,,,,,,,,,,,,,,,,,,,,,,,
SWHT,AM0019,FRANCISCO CORREA DA CRUZ,HUMAITÁ,AM,7° 32' 1'' S,63° 3' 2'' W,70,VFR Diurno, 14/32,1200,45,PCN 7/F/B/Y/U,Terra,,,,,,,,,,,,,,,,,,,,,,,,
SWII,AM0013,IPIRANGA,SANTO ANTÔNIO DO IÇÁ,AM,2° 56' 1'' S,69° 41' 41'' W,40,VFR Diurno, 01/19,1500,30,PCN 13/R/C/W/U,Concreto,,,,,,,,,,,,,,,,,,,,,,,,
SWIQ,GO0019,MINAÇU,MINAÇU,GO,13° 33' 2'' S,48° 12' 2'' W,427,VFR Diurno/Noturno e IFR Diurno, 05/23,1275,30,PCN 7/F/C/Y/U,Asfalto,,,,,,,,,,,,,,,,,,,,,,,,
SWJN,MT0007,JUÍNA,JUÍNA,MT,11° 25' 10'' S,58° 42' 36'' W,330,VFR Diurno, 17/35,1600,30,"5600 kg / 0,5 MPa",Asfalto,,,,,,,,,,,,,,,,,,,,,,,,
SWJW,GO0008,JATAÍ,JATAÍ,GO,17° 49' 48'' S,51° 46' 31'' W,771,VFR Diurno/Noturno, 13/31,1500,23,PCN 10/F/B/X/U,Asfalto,,,,,,,,,,,,,,,,,,,,,,,,
SWKC,MT0017,CÁCERES,CÁCERES,MT,16° 2' 34'' S,57° 37' 47'' W,150,VFR Diurno/Noturno, 18/36,1285,17,PCN 9/F/C/Y/U,Asfalto,,,,,,,,,,,,,,,,,,,,,,,,
SWKO,AM0010,COARI,COARI,AM,4° 8' 2'' S,63° 7' 52'' W,40,VFR Diurno, 10/28,1600,36,PCN 29/F/C/X/U,Asfalto,,,,,,,,,,,,,,,,,,,,,,,,
SWKQ,PI0004,SERRA DA CAPIVARA/SÃO RAIMUNDO NONATO,SÃO RAIMUNDO NONATO,PI,9° 4' 58'' S,42° 38' 40'' W,415,VFR Diurno/Noturno, 16/34,1650,45,PCN 34/F/B/X/T,Asfalto,,,,,,,,,,,,,,,,,,,,,,,,
SWKT,GO0015,CATALÃO,CATALÃO,GO,18° 13' 1'' S,47° 53' 58'' W,796,VFR Diurno/Noturno, 17/35,1400,30,"5700 kg / 0,5 MPa",Asfalto,,,,,,,,,,,,,,,,,,,,,,,,
SWLB,AM0024,LÁBREA,LÁBREA,AM,7° 15' 1'' S,64° 47' 2'' W,58,VFR Diurno, 18/36,1000,40,PCN 7/F/C/Y/U,Asfalto,,,,,,,,,,,,,,,,,,,,,,,,
SWLC,GO0009,GENERAL LEITE DE CASTRO,RIO VERDE,GO,17° 50' 5'' S,50° 57' 22'' W,751,VFR Diurno/Noturno, 03/21,1500,30,PCN 19/F/C/Y/U,Asfalto,,,,,,,,,,,,,,,,,,,,,,,,
SWME,GO0033,MINEIROS,MINEIROS,GO,17° 33' 7'' S,52° 33' 22'' W,825,VFR Diurno, 18/36,1000,18,PCN 8/F/C/Y/U,Asfalto,,,,,,,,,,,,,,,,,,,,,,,,
SWMW,AM0020,MAUÉS,MAUÉS,AM,3° 21' 25'' S,57° 42' 44'' W,21,VFR Diurno, 01/19,1200,30,PCN 8/F/C/Y/U,Asfalto,,,,,,,,,,,,,,,,,,,,,,,,
SWNH,GO0017,ARUANÃ,ARUANÃ,GO,14° 55' 59'' S,51° 2' 54'' W,250,VFR Diurno, 06/24,1300,23,"5700 kg / 0,5 MPa",Asfalto,,,,,,,,,,,,,,,,,,,,,,,,
SWNK,AM0011,NOVO CAMPO,BOCA DO ACRE,AM,8° 50' 1'' S,67° 18' 44'' W,120,VFR Diurno, 18/36,1600,33,PCN 19/F/C/Y/U,Asfalto,,,,,,,,,,,,,,,,,,,,,,,,
SWNQ,GO0016,NIQUELÂNDIA,NIQUELÂNDIA,GO,14° 26' 11'' S,48° 29' 31'' W,840,VFR Diurno, 02/20,1400,50,PCN 8/F/B/X/U,Terra,,,,,,,,,,,,,,,,,,,,,,,,
SWNR,MT0019,NORTELÂNDIA,NORTELÂNDIA,MT,14° 29' 1'' S,56° 46' 2'' W,445,VFR Diurno, 15/33,1200,20,PCN 8/F/C/Y/U,Terra,,,,,,,,,,,,,,,,,,,,,,,,
SWNS,GO0004,ANÁPOLIS,ANÁPOLIS,GO,16° 21' 45'' S,48° 55' 41'' W,1112,VFR Diurno/Noturno, 07/25,1218,45,PCN 30/F/C/X/U,Asfalto,,,,,,,,,,,,,,,,,,,,,,,,
SBNV,GO0002,AERÓDROMO NACIONAL DE AVIAÇÃO,GOIÂNIA,GO,16° 37' 32'' S,49° 20' 58'' W,831,VFR Diurno, 14/32,1100,20,"5700 kg / 0,5 MPa",Asfalto,,,,,,,,,,,,,,,,,,,,,,,,
SWOB,AM0014,FONTE BOA,FONTE BOA,AM,2° 32' 1'' S,66° 4' 2'' W,63,VFR Diurno, 18/36,1270,27,PCN 6/F/C/Y/U,Asfalto,,,,,,,,,,,,,,,,,,,,,,,,
SWPG,MT0010,PORTO DOS GAÚCHOS,PORTO DOS GAÚCHOS,MT,11° 31' 1'' S,57° 20' 2'' W,400,VFR Diurno, 01/19,1500,60,PCN 13/F/C/Y/U,Terra,,,,,,,,,,,,,,,,,,,,,,,,
SWPI,AM0006,PARINTINS,PARINTINS,AM,2° 40' 10'' S,56° 46' 16'' W,26,VFR Diurno/Noturno, 06/24,1800,30,PCN 33/F/B/X/T,Asfalto,,,,,,,,,,,,,,,,,,,,,,,,
SWPK,MT0021,POCONÉ,POCONÉ,MT,16° 16' 18'' S,56° 39' 4'' W,187,VFR Diurno, 01/19,1150,23,"5700 kg / 0,5 MPa",Cascalho,,,,,,,,,,,,,,,,,,,,,,,,
SWPL,MT0027,POSTO LEONARDO VILAS BOAS,GAÚCHA DO NORTE,MT,12° 11' 54'' S,53° 22' 54'' W,330,VFR Diurno, 07/25,1000,20,PCN 8/F/C/Y/U,Grama,,,,,,,,,,,,,,,,,,,,,,,,
SWPM,RO0009,PIMENTA BUENO,PIMENTA BUENO,RO,11° 38' 30'' S,61° 10' 52'' W,208,VFR Diurno/Noturno, 04/22,1300,20,PCN 12/F/C/Y/U,Asfalto,,,,,,,,,,,,,,,,,,,,,,,,
SWPR,GO0029,PIRES DO RIO,PIRES DO RIO,GO,17° 19' 9'' S,48° 20' 5'' W,781,VFR Diurno, 10/28,1080,18,PCN 8/F/C/Y/U,Asfalto,,,,,,,,,,,,,,,,,,,,,,,,
SWPY,MT0023,PRIMAVERA DO LESTE,PRIMAVERA DO LESTE,MT,15° 33' 56'' S,54° 20' 16'' W,655,VFR Diurno, 01/19,1100,23,"5000 kg / 0,5 MPa",Terra,,,,,,,,,,,,,,,,,,,,,,,,
SWPZ,GO0010,OURIÇANGA DE ABREU,POSSE,GO,14° 7' 5'' S,46° 20' 43'' W,841,VFR Diurno/Noturno, 10/28,1500,25,PCN 18/F/B/Y/T,Asfalto,,,,,,,,,,,,,,,,,,,,,,,,
SWRO,RO0002,AEROCLUBE DE RONDÔNIA,PORTO VELHO,RO,8° 47' 37'' S,63° 51' 29'' W,113,VFR Diurno, 01/19,1300,30,PCN 8/F/C/Y/U,Terra,,,,,,,,,,,,,,,,,,,,,,,,
SBSI,MT0002,PRESIDENTE JOÃO BATISTA FIGUEIREDO,SINOP,MT,11° 53' 6'' S,55° 35' 10'' W,374,VFR Diurno/Noturno, 03/21,1630,30,PCN 36/F/A/X/T,Asfalto,,,,,,,,,,,,,,,,,,,,,,,,
SWTO,TO0008,PARAÍSO DO TOCANTINS,PARAÍSO DO TOCANTINS,TO,10° 10' 26'' S,48° 55' 58'' W,353,VFR Diurno, 10/28,1200,30,PCN 20/F/C/X/U,Asfalto,,,,,,,,,,,,,,,,,,,,,,,,
SWTP,AM0022,SANTA ISABEL DO RIO NEGRO,SANTA ISABEL DO RIO NEGRO,AM,0° 25' 1'' S,65° 2' 2'' W,68,VFR Diurno, 09/27,1200,30,PCN 8/F/C/Y/U,Asfalto,,,,,,,,,,,,,,,,,,,,,,,,
SWTS,MT0012,TANGARÁ DA SERRA,TANGARÁ DA SERRA,MT,14° 39' 43'' S,57° 26' 38'' W,449,VFR Diurno, 18/36,1500,30,PCN 12/F/B/X/T,Asfalto,,,,,,,,,,,,,,,,,,,,,,,,
SWTY,TO0009,TAGUATINGA,TAGUATINGA,TO,12° 26' 2'' S,46° 24' 2'' W,597,VFR Diurno, 05/23,1200,40,PCN 8/F/C/Y/U,Terra,,,,,,,,,,,,,,,,,,,,,,,,
SWUA,GO0011,SÃO MIGUEL DO ARAGUAIA,SÃO MIGUEL DO ARAGUAIA,GO,13° 20' 2'' S,50° 12' 21'' W,384,VFR Diurno, 08/26,1500,30,"5700 kg / 0,5 MPa",Asfalto,,,,,,,,,,,,,,,,,,,,,,,,
SWUD,MG0069,DEPUTADO OSWALDO TOLENTINO,CLÁUDIO,MG,20° 26' 45'' S,44° 48' 47'' W,820,VFR Diurno, 12/30,1000,30,PCN 15/F/B/Y/T,Asfalto,,,,,,,,,,,,,,,,,,,,,,,,
SWUZ,GO0025,BRIGADEIRO ARARIPE MACEDO,LUZIÂNIA,GO,16° 15' 42'' S,47° 58' 7'' W,996,VFR Diurno, 11/29,1200,20,PCN 8/F/C/Y/U,Asfalto,,,,,,,,,,,,,,,,,,,,,,,,
SWVB,MT0020,VILA BELA DA SANTÍSSIMA TRINDADE,VILA BELA DA SANTÍSSIMA TRINDADE,MT,15° 0' 55'' S,59° 58' 2'' W,270,VFR Diurno, 01/19,1200,20,PCN 8/F/C/Y/U,Terra,,,,,,,,,,,,,,,,,,,,,,,,
SWVC,MT0016,VILA RICA,VILA RICA,MT,9° 58' 52'' S,51° 8' 26'' W,254,VFR Diurno, 07/25,1350,30,"4000 kg / 0,5 MPa",Terra,,,,,,,,,,,,,,,,,,,,,,,,
SWWA,GO0012,PORANGATU,PORANGATU,GO,13° 24' 16'' S,49° 9' 26'' W,366,VFR Diurno/Noturno, 14/32,1500,23,"5700 kg / 0,5 MPa",Asfalto,,,,,,,,,,,,,,,,,,,,,,,,
SWWU,GO0013,URUAÇU,URUAÇU,GO,14° 32' 41'' S,49° 5' 28'' W,520,VFR Diurno, 18/36,1440,30,"5700 kg / 0,5 MPa",Asfalto,,,,,,,,,,,,,,,,,,,,,,,,
SWXM,MT0014,REGIONAL ORLANDO VILLAS BOAS,MATUPÁ,MT,10° 10' 13'' S,54° 57' 10'' W,283,VFR Diurno, 02/20,1482,18,"5700 kg / 0,5 MPa",Cascalho,,,,,,,,,,,,,,,,,,,,,,,,
SWXQ,SP0015,LINS,LINS,SP,21° 39' 46'' S,49° 43' 52'' W,480,VFR Diurno/Noturno, 14/32,1700,35,PCN 30/F/B/X/T,Asfalto,,,,,,,,,,,,,,,,,,,,,,,,
SWXV,MT0013,XAVANTINA,NOVA XAVANTINA,MT,14° 41' 27'' S,52° 20' 57'' W,316,VFR Diurno, 03/21,1490,45,PCN 10/F/C/Y/U,Terra,,,,,,,,,,,,,,,,,,,,,,,,
SWYN,AM0023,APUÍ,APUÍ,AM,7° 10' 20'' S,59° 50' 20'' W,60,VFR Diurno, 08/26,1200,23,PCN 12/F/B/Y/U,Asfalto,,,,,,,,,,,,,,,,,,,,,,,,
SBJH,SP1176,SÃO PAULO CATARINA AEROPORTO EXECUTIVO,SÃO ROQUE,SP,23° 25' 37'' S,47° 9' 57'' W,777,VFR Diurno e IFR Diurno/Noturno, 12/30,2470,33,PCN 30/F/B/X/T,Asfalto,,,,,,,,,,,,,,,,,,,,,,,,
SJXI,MG0311,SANTA RITA DO SAPUCAÍ,SANTA RITA DO SAPUCAÍ,MG,22° 16' 22'' S,45° 38' 24'' W,882,VFR Diurno, 16/34,1000,30,"5700 kg / 0,5 MPa",Terra,,,,,,,,,,,,,,,,,,,,,,,,
SNCP,SC0181,REGIONAL DO PLANALTO SERRANO,CORREIA PINTO,SC,27° 38' 3'' S,50° 21' 30'' W,880,VFR Diurno e IFR Diurno/Noturno, 09/27,1802,30,PCN 57/F/B/X/T,Asfalto,,,,,,,,,,,,,,,,,,,,,,,,